-0.2855300173085631,0.09317551376483918,0.2567181271647971,-0.012886857192654094,-0.7914104783471912,0.14152883550409243,-0.012511344770295411,0.3899155022379753,0.199503133137354,0.0716917469688865,0
-0.2855300173085631,0.09317551376483918,0.2567181271647971,-0.012886857192654094,-0.7914104783471912,0.14152883550409243,-0.012511344770295411,0.3899155022379753,0.199503133137354,0.0716917469688865,0
-0.28653295190884787,0.0935027961554436,0.25761985895006023,-0.012932122748581527,-0.7941903365184761,0.1420259607009563,-0.01255529132514278,0.39128509466145517,0.18178281556745504,0.07194356684501622,1
-0.28672217480515394,0.09273666077543141,0.26044272965427817,-0.016408340814024487,-0.800046522498867,0.12487482423629993,-0.009883892158089016,0.39549886752759,0.14310474354859926,0.0908100580278929,1
-0.29357829856541573,0.0968598068889795,0.2617265119759851,-0.012959659397476219,-0.8634606705370832,0.14123999207113533,-0.006071825937321267,0.24296099589369696,0.08791143000492739,0.057812231777754935,1
-0.29333701337401963,0.09678020006123371,0.2615114050288975,-0.012949008154133546,-0.8627510122477218,0.14112391019898676,-0.006066835644474113,0.24276131188884215,0.09674041771877298,0.05776471724593261,1
-0.2918630749176914,0.09629390596203148,0.2601973815710087,-0.013526381186078731,-0.8584159238094734,0.14041480105535312,-0.0064653952435111675,0.2601135229483026,0.09974703301640918,0.05747446530265279,1
-0.28883303313297654,0.09529420924205194,0.2574960842635097,-0.013931122966407881,-0.8495040869197236,0.13895705339573525,-0.013231854270892686,0.26987399305878523,0.15387978637201616,0.05687778128748474,1
-0.29260803999665147,0.09573096089586446,0.25486078673558843,-0.01790845021241512,-0.8360871485856728,0.1367623868306194,-0.017773107792252222,0.28621482514728264,0.1921872369106157,0.05401747195850216,1
-0.32089011948837004,0.10547011725551124,0.2739190463783506,-0.01915450164070941,-0.8113887476412561,0.11286714791945146,-0.019009742235047908,0.30612935641289324,0.2055594259170317,0.054503109480707274,1
-0.3323137349981353,0.10922482952031341,0.2836705023334824,-0.01845792568137154,-0.8006387624798582,0.11688519279902383,-0.019686484749211867,0.31702749210335507,0.1963154792892568,0.05090113680818838,1
-0.32998444399665533,0.10845923849669448,0.2857641389291913,-0.018328548301902566,-0.7950268347487012,0.11606590789106014,-0.024295910266603646,0.32731272515377857,0.2035052713043174,0.050544354805382864,1
-0.32424975355908037,0.1065743612875132,0.28079793853783075,-0.017772161525897705,-0.7812103265168918,0.11404883689204642,-0.02387367968327505,0.3713544353542828,0.19996862054826905,0.04966596119183798,1
-0.31897469159941966,0.10653342889479264,0.2908294875589477,-0.017483034850619826,-0.7685011946496488,0.11219343168532152,-0.023485290368704843,0.3963425347299337,0.19671542805759903,0.048857969760241364,1
-0.3290333908785373,0.10344100102021056,0.28584803477303466,-0.01663194110349271,-0.7672819416220417,0.11539029760091378,-0.022342000090268963,0.39555190511347466,0.19438528805684996,0.04647950898866697,1
-0.3113425621183673,0.10224946373368209,0.2758482218772531,-0.01577287849434084,-0.7831584968115555,0.11182474543942299,-0.022304396870962896,0.39009540915608876,0.18848486971660766,0.046130337903060696,1
-0.3011838617185884,0.0993648129027904,0.26271564295140865,-0.01681945240056557,-0.7848388154409349,0.11114549959081367,-0.02120039028567844,0.3803256296849299,0.23273769238981903,0.0492646797045484,1
-0.30637632764581885,0.0988639412462963,0.26671477193855003,-0.0171094228956853,-0.7983695829405318,0.11306166872516635,-0.0215658889666975,0.37717918708803255,0.16933059454605512,0.057034677880109894,1
-0.3087716289150535,0.0996368760411234,0.2687999925450409,-0.01594803948448356,-0.804611369602152,0.1139456037232784,-0.020373944923436988,0.3607086517134416,0.1670722207366358,0.05748058451188645,1
-0.3195969469661787,0.09921399350912265,0.26765914162753207,-0.01717000304376342,-0.8011964081263073,0.11799233415919773,-0.013437684816411498,0.3591777186491793,0.1663631266086451,0.057236623279006804,1
-0.3184108183098359,0.0958508713066574,0.2688058495680213,-0.01644590314380537,-0.8025068921598512,0.1175027415952092,-0.011045853889269487,0.35456862416058843,0.17210347185278804,0.0592750053353919,1
-0.321470639712484,0.09792844425421247,0.2532369704344522,-0.01689861292190112,-0.8086349044386748,0.11584738607940719,-0.003672088099290524,0.34552386847652117,0.17684099972649017,0.06755348951882757,1
-0.35880143552316385,0.08307107689847365,0.1630458473413348,-0.01898159064030552,-0.8906152177964073,0.1296947160290074,0.002873792813154134,0.00403634068836593,-0.14663000561829329,0.07588035126295425,1
-0.34293298121123283,0.0712963492363849,0.12918431645629294,-0.018256495944661503,-0.8246202748788926,0.11810186353926873,0.030702172271445935,-0.20102477527905868,-0.34576333705452056,0.07298173010696206,1
-0.32956765318669085,0.03616111732576888,0.04149703116710092,-0.0170897500682585,-0.7229781174756842,0.06544334443754263,0.06105577081771703,-0.40399444577891064,-0.43487475790141494,0.07013737037453575,1
-0.31486763831522824,-0.025927955645825784,-0.11122187205707501,-0.011511345273051397,-0.549473629257774,-0.027255862232939562,0.09151703662493325,-0.6244913480767831,-0.4264016501621128,0.06877081256694394,1
-0.29674554530285174,-0.07228014910743409,-0.23575245884867033,-0.01036334099602414,-0.5001685852147938,-0.09151470486829565,0.11425737526207765,-0.6369341616768163,-0.4113909546909209,0.06634986104305479,1
-0.28142951664143423,-0.11343396020391616,-0.3463672929416971,-0.006675575809747093,-0.44478312937528064,-0.23910858588727896,0.10836017052895741,-0.6040598623651887,-0.3901576935591875,0.06292532311990123,1
-0.2726417324382841,-0.11390203552656641,-0.3477965473035102,-0.004136550652900341,-0.3894287348270531,-0.3205331281213127,0.10880730930196329,-0.6065524625923902,-0.39176764518186646,0.06318497896608055,1
-0.2924485940204119,-0.1255903948206934,-0.383486611904613,-0.0002556892459122943,-0.28189657261060425,-0.3534254846962618,0.11997285976003148,-0.6687954513216285,-0.28393845874403,0.06966887306624482,1
-0.3092916073545953,-0.1328235316449472,-0.40557278448282474,0.0036825214792049264,-0.22119808659127482,-0.37378034456939174,0.12688246547534324,-0.7073134368232622,-0.10861839708238517,0.07245595351294443,1
-0.35894164965355274,-0.15461208387502837,-0.4721034939765716,0.0053475797031881725,-0.18803226559964747,-0.43509577911150393,0.11735529394123166,-0.6099186116454669,-0.09793655276573701,0.06468231468686701,1
-0.3470841324157215,-0.18460964403964036,-0.4859218954886134,0.007912240711273891,-0.11065801825608584,-0.6891131225544569,0.07330515546095649,-0.3063426069202545,-0.14490622354873964,0.04163236611777405,1
-0.3679379079508755,-0.12609021061370998,-0.27045751023212977,0.009062503637406974,0.06586318846464038,-0.8398558229442402,-0.022392255847473345,0.1932110790436469,-0.16597234916301354,0.01392375462731621,1
-0.34742952977056835,-0.12605231663915195,-0.2703762294573426,0.010723807793818433,0.07474239121103965,-0.8452510671276375,-0.06616730842215834,0.19447930697862556,-0.16592246938292665,0.013919570112110534,2
-0.32882147537676754,-0.11930105296264495,-0.25589508967669283,0.010271077907514293,0.09288811205199747,-0.799980079817158,-0.06717311306501834,0.36592417727027693,-0.15703579145008043,0.013174048803212228,2
-0.24621950235684342,-0.08933189615262356,-0.1916126723887535,0.011645253770767836,0.08267052485446146,-0.5990201732483476,-0.06117766143706199,0.5185180270044542,-0.5059887979715643,0.00986464687756481,2
-0.2486413308921811,-0.02896250276899844,-0.04153103876806454,0.012226215552062934,0.08889275729317807,-0.5870938030981228,-0.06422971026859213,0.5443860039959307,-0.5312317131687264,0.005205605822518064,2
-0.24862220313336672,-0.021225958158811155,-0.005115832720211957,0.006740359434352354,0.1012181663087683,-0.5870486384884146,-0.06422476913349473,0.5443441248596302,-0.5311908459804453,0.0052052053598423765,2
-0.24862380589986943,-0.021020113559469353,-0.005115865699910528,0.006422056918446006,0.10121881882123251,-0.5870524229528806,-0.06422518316453184,0.5443476340254179,-0.5311942703523789,0.005205238915690106,2
-0.29298668803285294,-0.020735219238062017,-0.0050465282492415,0.0060296320517756585,0.10584168812272618,-0.5790958578660879,-0.06335471260674182,0.5369698646633919,-0.5239947739862267,0.0051346901527420325,2
-0.6529187423664398,-0.031638210999238206,0.08187957937703179,0.012482552504221886,0.24103825072435145,-0.6943588761234366,-0.07811930961579834,0.13365247110588685,0.02795938545500759,-0.02253642102017475,2
-0.640569098835491,0.021976189033679316,0.3089905113402329,-0.00045394988547322826,0.3449701114891947,-0.6074015961125265,-0.06614112026798938,0.008287986181580059,0.024863222054556714,-0.020040785268376788,2
-0.640602327014169,0.05696164449841746,0.4339162386456874,-0.023376877015973126,0.4004916140842176,-0.47792980941430513,-0.044770832748187855,-0.07640570403556053,0.019914977529092305,-0.016052295531501403,2
-0.6559145908818989,0.08269566379512593,0.4967488493183675,-0.04305396277940838,0.4004853624162027,-0.36400037716093786,-0.02194394970417265,-0.1417119366979448,0.019583033518357565,-0.0157847349303186,2
-0.6818369999851215,0.08596388020281032,0.5163808670728016,-0.048650359159001524,0.416312949648935,-0.2191031975021044,-0.022811196826709262,-0.1508664095332517,0.11647639895732828,-0.016408563645425384,2
-0.6819128581006274,0.08597344415717756,0.5164383172837176,-0.04865577177897457,0.41635926675378815,-0.21912757393762225,-0.022813734697789512,-0.15088319425089033,0.11648935759718795,-0.006841463571626698,2
-0.6817741611717257,0.08436197327637288,0.5160765344626097,-0.04774377668358732,0.4212344623407282,-0.21502028583205002,-0.02238611812957713,-0.1480550666084338,0.11430590188558098,-0.006713228400454461,2
-0.6832707369033758,0.08143605026518762,0.5167568010907899,-0.05233751257237463,0.42411178131196964,-0.20748106517885342,-0.021601197378986955,-0.14456724690515294,0.11029801298829266,-0.006477843585433496,2
-0.7067569923872924,0.08420212588387903,0.515098682888526,-0.056856571028953744,0.43868989378137646,-0.09001822340804584,-0.00415759312725773,-0.15364814412920516,0.019939776498875555,-0.004787196674840782,2
-0.6854126179291277,0.07569444835581625,0.4917277581350562,-0.06754772239223594,0.4560417716240402,0.05306184120894767,-0.021204707209260983,-0.14275176574729817,-0.21402207663201112,0.021490729989789438,2
-0.6976734653038236,0.06519172545689646,0.46343556921139983,-0.06875603442661575,0.4641995709001347,0.0540110258598648,-0.04450943975200865,-0.14359324068590837,-0.21785056176309736,0.02835263614645477,2
-0.7104697203347844,0.05952367165330402,0.4541085932086519,-0.062341032237686556,0.4604318937936347,0.05500165958145212,-0.05795433622200011,-0.11363497099989771,-0.22184622948674323,0.02887266103054876,2
-0.6857775849327632,0.056173195809549235,0.44926295723702747,-0.05582833033273819,0.4523992727462626,0.20227852856223802,-0.06831306288812977,-0.09153591110414408,-0.24935553474998648,0.023215666194026992,2
-0.6388615652099339,0.024803369231869297,0.32388008090644416,-0.048220440259210746,0.3907494989506988,0.4891372224296867,-0.06981202398042882,-0.06072091749815284,-0.2882555301630302,0.014291875120089668,2
-0.5798080763005493,-0.02927848733361128,0.12079405553945523,-0.043717651311537084,0.35426160054649153,0.668281445738144,-0.0644852999784329,0.041286911101518345,-0.2613384425473488,-0.0009365159315487284,2
-0.5840941957687465,-0.0773285881527467,-0.05196062929566468,-0.044086670425326505,0.3152554949070631,0.6739223852550187,-0.0539456485863683,0.14861028732086423,-0.2635443908902892,-0.0009444210286603517,2
-0.5156679895324028,-0.19796663322478347,-0.46117657242674703,-0.033529532543663365,0.1830815837477602,0.6089280072924641,-0.04309542512574499,0.13427802385167986,-0.23812766023078905,-0.0008533392384786708,2
-0.445856052624475,-0.2314304368906078,-0.5942086625370274,-0.02915773572053106,0.14870285258289462,0.5548410718220761,-0.039267551469203535,0.1223510197983603,-0.21697639893491769,-0.0007775429148193812,2
-0.4537803929931268,-0.24546935490289834,-0.6227615928785953,-0.02009103914627216,0.09428502981887012,0.5647024373407111,-0.03996546605722777,0.12452560309632546,0.013180020694593845,-0.019169390241554236,2
-0.49536881531150045,-0.25427406076768877,-0.6450993411134143,-0.012161249171141971,0.07782807519552472,0.44275895049698333,-0.03384374945996179,0.19321016553609607,0.17988314601942504,-0.023498193969581013,2
-0.5419029057499726,-0.2717853795222627,-0.6895259733719185,-6.489509487973328e-05,0.08318793073363617,-0.01820733127925833,-0.036174497169162025,0.20651614250091793,0.3240381624702799,-0.025116465072483968,2
-0.46291620527999566,-0.2301705935690505,-0.5839482714311772,0.01006690464104063,0.07045049821443275,-0.44281907783487573,-0.03063559011203518,0.11366151694436917,0.41965796637232744,-0.021270723554930652,2
-0.471699648018399,-0.22108858761209607,-0.5845431972257843,0.010077160791346762,0.07052227309704001,-0.4432702213772693,-0.030666801614290317,0.08567883730920574,0.42008551340229866,-0.02129239414243281,2
-0.5194092191768128,-0.20773564455528207,-0.4710173549473149,0.011075864364750174,0.07751142883295166,-0.487200804925459,-0.033706054930893604,0.0810610516318249,0.4617183613896148,-0.025340946030933127,2
-0.5889776036258579,-0.07791425698658226,-0.0023760816455362386,0.012559338207308448,0.2515671439550056,-0.5524552741369513,-0.019629373072623958,0.05440093563459189,0.5235597752236683,-0.026856284317692058,2
-0.5701415850666881,-0.002598799808365925,0.25082205127329865,0.012018887593326422,0.2802599512375465,-0.5286821431664691,-0.018784686310147212,0.03989443427681322,0.5010300688565553,-0.025700610737668043,2
-0.5544599766140847,0.049096132117785886,0.39514945532736856,-0.011869076176791863,0.3087063367910103,-0.48036590288452125,-0.018268017988915648,-0.051569004279168294,0.45173637921610343,-0.024206676427795306,2
-0.6346724632802275,0.06669434744422087,0.4489448587249008,-0.03430180775261491,0.36534562146970645,-0.3502732301874343,-0.020607815411475192,-0.11312763179321707,0.3464344638072047,-0.019974969862513865,2
-0.7144813528187306,0.07508103840054205,0.5053988451696136,-0.05459845039164312,0.4112871583004567,-0.14018251192872358,-0.048488443165249064,-0.16962107009895194,0.07015831599651601,-0.019590373793053045,2
-0.7307413231745598,0.07888093892141446,0.4937249160618038,-0.05313730158032331,0.40028040374696483,-0.13643098584688024,-0.047190808697870554,-0.1650817173669225,0.06828075831333678,0.0008360540803646809,2
-0.7166421059004899,0.08117772402759388,0.5122952037229512,-0.05330405259723492,0.4015365300911621,-0.13685912210806828,-0.047338898930253843,-0.1655997629474426,0.06849503125429586,0.0008386777150609813,2
-0.7067336866193216,0.08640622164547809,0.5266768146319278,-0.05480045181931242,0.39538091853756085,-0.14070115425905982,-0.048667839002943775,-0.1702486281720658,0.070417885268034,0.000862221828861741,2
-0.7202754457675163,0.09367085520037878,0.5432399899342871,-0.06009359734896824,0.36648727777073153,0.03169466319560918,-0.010282092215612104,-0.1796008585597851,-0.07602836060436613,0.0009095860706498506,2
-0.7273477209352605,0.09138312129836855,0.5420389434447856,-0.05862592461709346,0.357536517491902,0.03152804026466493,-0.01003097151328765,-0.17521444645669904,-0.07417151134536455,0.0011864002152389068,2
-0.7263365306949555,0.08753693850460227,0.5505107857784325,-0.05615844463471591,0.3509722331168781,0.030201070860860057,-0.009608782497515265,-0.16783992499577505,-0.07104974020567298,0.03035223836769758,2
-0.7333107861980419,0.09043725137675378,0.5455865255138436,-0.05523006369300339,0.34517015055537903,0.02970180314094889,-0.009449935317865287,-0.16506528640601228,-0.06987518444385266,0.029850471628569148,2
-0.7345423999087172,0.0929963415356331,0.5567302437265832,-0.054635481779897264,0.3056318888764132,-0.1402775906899052,-0.043895775971039455,-0.13321130650569055,0.07020590086056046,0.030695146218073684,2
-0.7140905271599025,0.0904070432957651,0.5412291969503487,-0.04168944758868137,0.2854839458018857,-0.250378666945913,-0.04267358536028405,-0.0768453217495336,0.18561829656128162,0.025220064306704638,2
-0.7129111281742473,0.09302142711830814,0.5258760102452912,-0.04289501978055186,0.30571433248537605,-0.2576190976967763,-0.04390761677143035,-0.07906752876677722,0.1909859919753462,0.0011496157343711645,2
-0.7008771457532146,0.08705505115124355,0.5169991917852659,-0.05016257653002598,0.3357568900903446,-0.2532704719417753,-0.04316645357801798,-0.13099801862800625,0.18776213702447625,0.001130210152116059,2
-0.736666741354685,0.08944301484751113,0.5372578719463712,-0.05803775646783762,0.36271732817932145,0.03121173328591368,0.004588768131845831,-0.13826332793643806,-0.07342738115312547,0.0011744975830257453,2
-0.7125297604022283,0.08222679697567692,0.5196545483622496,-0.06769156828836262,0.4055004304675238,0.06400801998008473,0.004438416551170526,-0.13438485811321216,-0.15497032651981807,0.007977746368742416,2
-0.7149500777132272,0.08224273276198057,0.507858634710996,-0.0670346185111741,0.4132315538206281,0.06495960018787704,-0.024925605207882753,-0.13572126584773678,-0.15727420493313646,0.026023592237043168,2
-0.7211394046874444,0.07174166630732655,0.49758370719526734,-0.06229182471017265,0.4285792648854543,0.0673722455082848,-0.045668617866611826,-0.0738792487818646,-0.16311547971708434,0.02699012678850765,2
-0.7343646316484171,0.07259990159390967,0.4977935936847362,-0.054403585656308685,0.3955164100771335,0.10939379615220228,-0.054024059047412476,-0.07036451143993022,-0.16721351195796166,0.014141743919132557,2
-0.6829298743820061,0.05454519930004347,0.4099716730740639,-0.050258348986738165,0.36538036101547566,0.3805806364149588,-0.0630415028199554,-0.029839962028346302,-0.2766339112747844,0.007952134896289913,2
-0.6749791408107709,-0.004214290732131569,0.2045970007667838,-0.04830902678486458,0.3512087046794509,0.5490105512369746,-0.06059637273582068,-0.028682588146043308,-0.26590437805471473,-0.003233290031595262,2
-0.6586221234579109,-0.06494369628676086,0.002296543166750284,-0.047019810970898836,0.3418360502045106,0.6012717135588109,-0.04669179455077788,0.10961906490872261,-0.2588082274591439,-0.003147003701331693,2
-0.5665145946248413,-0.20724613744043377,-0.48498450238074786,-0.034050088758531945,0.18431168006913803,0.533129977988502,-0.04104359044043779,0.16431406465748535,-0.22947765793249944,-0.0027903558011906984,2
-0.44531698697055566,-0.2539350347464909,-0.6512264498330732,-0.030242841940770274,0.15226407265550443,0.4738871823426035,-0.03648271946820135,0.14605505661787313,-0.2039775012062017,-0.002480284176381686,2
-0.45669138601934506,-0.26225170292514266,-0.6678602404322573,-0.02216961303667165,0.10087286408487596,0.48599132854358285,-0.03741457031098943,0.15590366594691307,0.05738843894614397,-0.024329822003473587,2
-0.4596685520581019,-0.2505409600564354,-0.6380372136961157,-0.013055950677046893,0.05198147845406782,0.46428958391613273,-0.03574383792844229,0.21798042619358388,0.22528678009518177,-0.026298692303577443,2
-0.5059056940591227,-0.2757423750658686,-0.7022161032884452,-0.0023072817324530496,0.05721019159953429,0.07421033928048781,-0.03933923922913853,0.23990664210335055,0.3255901978528378,-0.02894402526150397,2
-0.46190163209367796,-0.2517580936051437,-0.6411368126516676,0.011152304162889908,0.052234005630955996,-0.41601024048007057,-0.03591748228700346,0.14966541413098677,0.334268915924655,-0.02642645193490731,2
-0.4594215381366428,-0.25017479339771737,-0.636249259761183,0.020302191686875144,0.05227037012497699,-0.4162998602731512,-0.03594248747383717,0.14389228981556773,0.349596737602764,-0.0264448496155327,2
-0.49014335250654656,-0.23677257037048516,-0.5728570575553448,0.022161124955220768,0.05705641152743677,-0.45441760006228377,-0.03923349598871618,0.1308133956977908,0.3816069272442598,-0.028866224188529712,2
-0.6079204168852292,-0.08942307294670447,-0.09603053968491125,0.028131925910451158,0.17965469740518,-0.5768498793805859,-0.015919194112999725,0.10715868841244777,0.4844220600643014,-0.027540307767193482,2
-0.5991682208681356,-0.004493805137287882,0.1983747456371009,0.02709052717730925,0.2681868592373659,-0.5554958229426358,-0.015329891104215706,0.04039669887433918,0.4664895331103064,-0.026237337782402816,2
-0.5824863186053985,0.04353234634793259,0.36187023552918346,0.02574051913907391,0.33564038541935975,-0.4799494957357344,-0.014565953360202439,-0.05807563962406231,0.4241042399851585,-0.023120012217389452,2
-0.6109618050683138,0.05722189102969263,0.3992881448114786,-0.0040184074390471865,0.37604695513537184,-0.3954233541875285,-0.01527802606385144,-0.09332497434592699,0.39574273784916225,-0.021341451136322707,2
-0.704256702594177,0.06849801565201624,0.4904363306350083,-0.054929824291184454,0.44350254660513627,-0.1338759439024929,-0.053396467313653086,-0.18086988206318388,0.07306375502615411,0.001540080933588523,2
-0.6999116887471307,0.07113867913330595,0.498597037177015,-0.05459092677514824,0.44076629333399053,-0.13304997685397205,-0.053067030065833416,-0.17975397909884813,0.07261297759494693,0.029077670778363516,2
-0.6995164181779474,0.07268791162475433,0.49921816980242906,-0.05456009690468661,0.44051737343960384,-0.13297483774581537,-0.05303706080611647,-0.1796524642095075,0.07257196988862412,0.029061249353112478,2
-0.6973990227269704,0.07569537580598538,0.5127725087470202,-0.05604146535445384,0.4236018584618957,-0.13658525525650433,-0.054477077100145786,-0.1845302321663317,0.07454238109808864,0.029850295200624915,2
-0.69146077942423,0.07703246747002598,0.52183018023216,-0.05703138812540512,0.42938623111080737,0.0516173636070453,-0.015019443754103372,-0.187789795020283,-0.12909678382112075,0.03037757418506653,2
-0.6995069426039924,0.07817823540506992,0.5175841894244491,-0.05621085320116486,0.4232084681245796,0.05087472256447313,-0.014803352605913096,-0.18508798308312235,-0.12723941328860977,0.02994051905890096,2
-0.699394232040766,0.07816563865669204,0.517500791816857,-0.05620179602597778,0.42314027714333363,0.05086652519246009,-0.014800967362667845,-0.18505816011847515,-0.12721891138210548,0.034904638219873454,2
-0.699394232040766,0.07816563865669204,0.517500791816857,-0.05620179602597778,0.42314027714333363,0.05086652519246009,-0.014800967362667845,-0.18505816011847515,-0.12721891138210548,0.034904638219873454,2
-0.6916946870011335,0.07705852603812555,0.5220067051149088,-0.05674435190761023,0.42953148402444113,-0.11802846634061873,-0.050586434080912165,-0.18785332061309679,0.045888167168828244,0.0354318458056875,2
-0.7017836621630699,0.07617128259546081,0.519268796074878,-0.053259823826753545,0.4282936928133511,-0.11666949948526156,-0.05000398741039221,-0.1616159621561875,0.04535981582979144,0.035023887407455864,2
-0.6942757981166388,0.07352512582614591,0.5274221607995019,-0.053282006506526196,0.43449964490344917,-0.11261645251905616,-0.048266870937226355,-0.15824790684364834,0.04378403582946842,0.023248851632057574,2
-0.6910952857013516,0.07314114893010792,0.5250060133044129,-0.05303791894987346,0.4471154696436307,-0.0941557768297835,-0.04804575796932607,-0.15752296520838646,0.04358345895508398,0.023142347471236308,2
-0.6940690912142725,0.07168804774060655,0.5169669602175666,-0.05306915017911128,0.4456383610679103,0.04829055539053127,-0.04731006658841759,-0.15511092525528708,-0.1207763232022638,0.03150869494740002,2
-0.6611716180269016,0.06823523276387397,0.49206753389793967,-0.07089399312824211,0.44304496489840095,0.10447510563142041,-0.053922500320867,-0.1476400937477227,-0.2784433820759456,0.03684022750006392,2
-0.6785785328890701,0.062071660987142424,0.4478994500561318,-0.0728190362706257,0.4550753307137733,0.10731200445417056,-0.0672872013898574,-0.1494963488955456,-0.28600418517865395,0.047202094818576124,2
-0.6846693766482078,0.05636227391558216,0.43752982461800816,-0.07347265166091373,0.4591600351417406,0.10827522480514075,-0.07231958324940768,-0.13283802726324162,-0.288571326227113,0.047625775454949795,2
-0.6085045383127269,0.021002994738119982,0.3176425061181152,-0.0652993159945401,0.4071861836272838,0.41313769248631027,-0.07312279186665137,-0.07107304256998527,-0.41868286808712674,0.04147154978513833,2
-0.5299277264894898,-0.002687987923817102,0.24214511475158387,-0.05682139338092741,0.3543205004030822,0.6058384535837931,-0.06581850777104621,-0.018032622296827464,-0.3987476030688187,0.029527368492805024,2
-0.5432499207502443,-0.04988215843568606,0.0261201904492674,-0.050162035773520616,0.31279482179113444,0.6808052124636008,-0.061155911449600774,0.09787637234800495,-0.3520151537934218,0.021220619299873223,2
-0.5146951391645489,-0.12714178857854275,-0.20076676804432664,-0.04746858047395071,0.28454755297345746,0.6442493115874072,-0.05498476800560049,0.25648607552191793,-0.3331136665054137,0.020081176120743505,2
-0.4904061648838524,-0.18846951537253695,-0.39826699108904084,-0.042592589956108776,0.2553187208423788,0.57807177893188,-0.049336711865219915,0.268239212301624,-0.2988961048461747,0.018018430123828928,2
-0.46472902817978834,-0.2145600696880783,-0.5124814704544546,-0.031192365330355132,0.1645672420915426,0.5478045654356736,-0.04675349496093751,0.25419449709032454,-0.28324622787885473,0.006418117646446946,2
-0.4357182454622062,-0.2488339423950355,-0.6370420066881969,-0.018246099436193954,0.08892036582101918,0.513607779231465,-0.04383490068049889,0.2606582917770753,0.00920283826567189,-0.01725188990662938,2
-0.44674022130766133,-0.25512847270486466,-0.6531566901640042,-0.01041613390915642,0.05265987337192744,0.41912550475542215,-0.03511899315617711,0.26725193210727743,0.2369175420471061,-0.035377912640198274,2
-0.4857418524884373,-0.2774018793102152,-0.7101790380924423,-0.0008159381573395073,0.028585828882736947,0.1705786397118452,-0.020313252425441474,0.2905837495511774,0.25760108508724283,-0.03846650022405159,2
-0.48880916532547863,-0.285106171246179,-0.7299028649456393,-0.0008385992358493832,0.021728143996141414,-0.008265838866696842,-0.010410382935825274,0.2730669174443628,0.26475544888415775,-0.03953483165791869,2
-0.4889165494259671,-0.2853175034201237,-0.7304438983387195,-0.0008392208393692433,0.01968641413778434,-0.06185192483765496,-0.010418099530832002,0.26239074626482434,0.2649516962832647,-0.04986981641557731,2
-0.46291849437577026,-0.27119765537515655,-0.7113447555674919,-0.0010471484975915445,0.022154572754381003,-0.07717652747466941,-0.012999316460812997,0.29253897338922763,0.33059685565706165,-0.06686717013843382,2
-0.7958643642162107,-0.12325189897944494,-0.3233361138642826,-0.0018002913761297225,0.009952755704132935,-0.1326843682360719,-0.022348842951891712,0.1803698164951979,0.41903469604137233,-0.14217550991796105,2
-0.8466076359976903,0.06777247864403314,0.2115627269145534,-0.012830487694707031,-0.3145983426041519,-0.14114415015530335,-0.02377377597176162,0.19119521348463023,0.23132945206870625,-0.15450655083256906,0
-0.7970569080721696,0.12217501272449702,0.3380774755484991,-0.019150342892216808,-0.3894614951219866,-0.01835520379946376,-0.023117399637127597,0.1671084579591031,0.18076532195704206,-0.14706479831913175,0
-0.4556664304084214,0.14082447676337978,0.29337524383565333,-0.010947986647402102,-0.8162806558433716,0.06041037730545772,-0.013215898220433068,0.09553359836432865,0.025166786473092746,-0.0791271540884286,0
-0.43408020615131016,0.14042264655232156,0.3322626256517784,-0.01091674753410094,-0.8139514710613014,0.06449975984609524,-0.013178187821692063,0.09526100167605271,0.02509497526986611,-0.06778726634171109,0
-0.45983943183966886,0.1375953177169075,0.33531784140928994,-0.014910523599873129,-0.7975630285895107,0.06320109445723147,-0.029470451820276557,0.10384869519352696,0.024589702445670627,-0.06642240890947061,0
-0.457886424029651,0.13561677298420385,0.3638330372963202,-0.02262524162604463,-0.7860945123972548,0.06229229759833884,-0.04039021529900328,0.10271663061405598,0.024236116095059997,-0.06546729132653288,0
-0.45795546402277126,0.1320739120008786,0.3757793194638471,-0.026582679407845932,-0.765558530631174,0.06066496975483864,-0.03933505881103985,0.19638437933625275,0.023602970295974135,0.0175674275425705,0
-0.458406418871558,0.12903161052739445,0.38194967446891315,-0.02680370030404856,-0.7468494963258617,0.09433627599124791,-0.028315721078797113,0.21379568851693104,0.1127681087813092,0.02287041670606907,0
-0.44597751192768326,0.12553313883493628,0.37159376153710166,-0.0260769637595416,-0.7187647631494536,0.0917785090240811,-0.015567712580436745,0.3181204442985995,0.13322440330250304,0.04662334160128616,0
-0.4416239884156829,0.12430771500338281,0.3679663540232745,-0.02124840189926456,-0.7117483571373138,0.09088258964194539,-0.004582460440960141,0.3355939932290708,0.1528741862278235,0.051327851698839855,0
-0.4645121481594134,0.12158209629456744,0.3709885110253661,-0.02078250127718742,-0.6961422892586687,0.08888986307121778,0.004374098221939822,0.3293991732225689,0.16594538549758653,0.05137061985270865,0
-0.4541540715574178,0.11170856215335255,0.3900672360989819,-0.021851277307781043,-0.6775991513430337,0.06016140253694544,0.004599043779393152,0.34633909475280744,0.20690794368122534,0.054012442722970115,0
-0.4893442848015189,0.12808169644578718,0.4145616249602543,-0.025891747978663362,-0.631826259104063,0.048969647950927474,-0.01588376627548997,0.34700836883062924,0.21501586806445652,0.05411681767902328,0
-0.4932980021176975,0.12923454730853595,0.41406856801705927,-0.026574730749579716,-0.6299076007519171,0.048911406127578924,-0.015864874991843136,0.34537136978523736,0.21476013994042562,0.052823265037588364,0
-0.4810882348854493,0.129854798156136,0.40381983234009544,-0.025764894060976186,-0.661317219269668,0.04770078520218299,-0.015472198698836575,0.32404628575183236,0.20193618260717405,0.04633728953637936,0
-0.48227893952413503,0.13432203252628444,0.3854089753073844,-0.025517912736307435,-0.6818859151913909,0.04959192585142061,-0.01565443020980542,0.31989248695680933,0.1722925113020598,0.01765364013314214,0
-0.49066325904509844,0.1381599017750904,0.3921092305547162,-0.02596153636644225,-0.6998275081121201,0.0504540712156957,-0.030452971064513914,0.25958471437517455,0.15794001129058965,0.0009761440953458479,0
-0.49688098541897957,0.14275915173586845,0.3326314457261298,-0.02422312634252718,-0.7231242939224902,0.027153197707299504,-0.03146672993502936,0.2561914144670077,0.16319772775825214,-0.06643104012302305,0
-0.4956893441958659,0.14721146442286673,0.3394187052944084,-0.02497858707076923,-0.7456767918111342,0.02737848040510722,-0.032448101141039964,0.18302198234206055,0.14345145204325307,-0.06850286360441682,0
-0.5187527926121337,0.1540609237783183,0.2069765974608833,-0.02614079150619543,-0.7803716635579608,0.011983698998442623,-0.03395784734727777,-0.1263952669897716,-0.17902499061960978,-0.07169016686119777,0
-0.36669583430035935,0.10770711113625533,0.13905814224002522,-0.01827555662329292,-0.6965562392595215,-0.026784670670411955,-0.023740618636326632,-0.4030792739926851,-0.4273972688621758,-0.050120047187347874,0
-0.31638929809879207,0.08746645902076709,0.06503160570708164,-0.015640421542643956,-0.6009965726666514,-0.0337148256405985,0.024932235100652754,-0.5263039680402783,-0.4958167070587879,-0.04324414151183007,0
-0.27260202853598153,0.020539307274930158,-0.03753792972496884,-0.01086714845040664,-0.5198239136468372,-0.041814819829566106,0.07642790135886665,-0.6792469498130899,-0.4288500015419274,-0.023266694332272794,0
-0.26771117598262506,-0.03201871429324271,-0.15941495799342478,-0.009358972740113032,-0.5104975629626206,-0.11239263970651651,0.07505668046767894,-0.6670603322127205,-0.4211558470401702,0.02211663512583429,0
-0.2609348156204607,-0.07250938638964924,-0.2527203299361184,-0.008142137227157085,-0.4956581364150137,-0.15543075090057862,0.07287489121437965,-0.6476698521774267,-0.40891345508637084,0.028124904080929377,0
-0.2657658185093358,-0.12338224971764801,-0.3522065040951191,-0.005404347277158591,-0.36569486932297657,-0.19111606702846723,0.07451127150695046,-0.6622130530595745,-0.41809546425468563,0.028756439003336177,0
-0.2848640701917814,-0.1322486467263785,-0.3775164875125938,-0.0029482820996166695,-0.2908181049231731,-0.23264270858192135,0.07986574118405375,-0.7098004803128959,-0.32997766072863377,0.030822911330955376,0
-0.38608964444880195,-0.17924279800905488,-0.5116658142923042,0.003452179949943419,-0.1877853351757992,-0.43489244388140363,0.10300940039876598,-0.5495037157875732,-0.1346948793235028,0.041775738402648324,0
-0.3954275444113385,-0.1835779345269048,-0.5240408786246628,0.007645300367773458,-0.1668420538674063,-0.4814325419726224,0.10465853520824234,-0.5125205022088797,0.005957286407997604,0.04278611946744468,0
-0.43539190337250033,-0.20213145862119528,-0.5770036984374702,0.0084179818174647,-0.10845651888080028,-0.5300890991470113,0.07552709901404546,-0.32974996279453506,0.16905604201056812,0.02514956050244829,0
-0.5260512752226267,-0.19069723500092411,-0.44281778268789207,0.010170814008200697,0.052018194491631,-0.6404667712649784,-0.03651028877998885,-0.09545035214840208,0.2591265240459924,-0.004700401877945312,0
-0.5882226875237594,-0.05723411613336176,0.028716490696984866,0.011241120619670938,0.23116010402374368,-0.7078650954462279,-0.04035238081278013,-0.10549489164044522,0.2863952197148057,-0.016163238992790294,0
-0.5832414729954084,0.016537758849573776,0.3024781288310185,0.01031809514738819,0.25596575137956834,-0.6497412182863853,-0.03703898559021913,-0.0968325460012175,0.2628788736243464,-0.01483605091166321,2
-0.6037536290729545,0.05833489930145855,0.42418475882497403,-0.015045454872065708,0.2982274482205007,-0.5250120643940216,-0.038637182347590816,-0.10101077762827526,0.27422184527200666,-0.015476212300572379,2
-0.6742821730888725,0.07596944311944435,0.494868259546842,-0.033842257445937086,0.37316429152670894,-0.3657717802738507,-0.042820562064140116,-0.11194755957271091,-0.0748327343525484,-0.017151874672760404,2
-0.7075156795675834,0.07971376720342299,0.519258949626069,-0.043226093712083226,0.3915565290721051,-0.17101590409466505,-0.034796694763973915,-0.11746514567363428,0.15306875150514226,-0.017997243215499694,2
-0.7142671771368134,0.08958842558132982,0.5165965277961332,-0.04240941367374959,0.3841587659685886,-0.1677848632321258,-0.03413927320275192,-0.11524585099689152,0.15017679011997648,-0.012543385758976114,2
-0.7172726444801373,0.09031373867481633,0.541084030178719,-0.04258786245583825,0.34168724860263394,-0.16849086225222584,-0.034282923189787554,-0.1157307782800031,0.15080869853307208,-0.009306913701611609,2
-0.7156759692193027,0.09388942414916565,0.5555270746687943,-0.04624702089461449,0.3140869531528698,-0.17298835410922309,-0.03519803019214426,-0.11881995609036468,0.15483420403853687,-0.009555341230720662,2
-0.7427962749330204,0.10239965528469439,0.5810232613864383,-0.061214728540989076,0.27459735204520413,0.01148412607565222,0.00954135295376042,-0.1331625908358109,-0.052121968808065605,-0.009993888288601696,2
-0.7489375109513232,0.10324626756927116,0.5858270024668846,-0.061720835139060605,0.24496547264903165,0.013417300404483036,0.009620238244923543,-0.1342635426401332,-0.05255289896077513,-0.010076515017884083,2
-0.7534819641123838,0.09961728751729353,0.5790794340955991,-0.062099152734893276,0.24646698746920212,0.013499541690106476,0.009679205454229073,-0.1350865104523015,-0.0528750217308913,0.028723332491798776,2
-0.7536141570927796,0.10058821768264732,0.5773372207041729,-0.06270440853070837,0.24886920337832513,0.013631116365266148,-0.0038555519033618003,-0.13640314505658896,-0.05339037358268056,0.02900328741388931,2
-0.7402260974268386,0.09880125409212638,0.5474950241062196,-0.05214921529600202,0.24444800758139693,-0.18203824854831605,-0.037039416910592315,-0.1339799243309003,0.16293436320430946,0.028488040004122597,2
-0.7105976601170366,0.0947210627689731,0.5436620349882035,-0.0499956112986115,0.2648731533611018,-0.25329368901006033,-0.0493813180077219,-0.12844696091100344,0.18375047528617733,0.027311570588763955,2
-0.6955572125606354,0.08747623538178455,0.5144564805022676,-0.04900227505434134,0.3591299294252911,-0.24826113124742374,-0.04840018683054868,-0.125894916472999,0.1800996346971215,0.00151204320238946,2
-0.7147694519274985,0.08533580000823601,0.526287990365446,-0.05646100174988203,0.37369401592883206,-0.13915807847798203,-0.04973706603760361,-0.13454983588378475,0.14769418890350336,0.001553807898970494,2
-0.7321277147203826,0.08096356442493635,0.5282267001338422,-0.060916630729946554,0.38664314886155965,0.013242476908991085,-0.038651293731293626,-0.1432537984697945,-0.051868150075560615,0.00833454445333212,2
-0.7113294517695329,0.073480735038168,0.5132208513097212,-0.0692820907193365,0.40862654111437613,0.040611174044332184,-0.037553288896548374,-0.13918424870494134,-0.17341650599206276,0.026189888093965157,2
-0.712346214279773,0.07270495923456723,0.5109352363790245,-0.06928927854894132,0.4086689350132761,0.040615387343845115,-0.05643265619917946,-0.1339161743886002,-0.17343449748571996,0.036258369220722,2
-0.7150161330930057,0.07194225034967189,0.5102666649255589,-0.07031593867039354,0.40993880955876577,0.04074159328250173,-0.06398206953074782,-0.11232677649929174,-0.1739734179536037,0.036371036409709255,2
-0.695880694922782,0.05616783575758428,0.4642001700073906,-0.05527946786375198,0.3898926475217783,0.23792589874965353,-0.07651837286485084,-0.09299920271567959,-0.2644858143738571,0.02709426281557585,2
-0.643317509052983,0.021362024913338502,0.29999212564967115,-0.05044621634137364,0.35580315091440534,0.44170937090503,-0.07034870483399024,-0.06709254349380613,-0.40153703819378683,0.023239063265205143,2
-0.512703821611565,-0.051300717119872594,0.017866776837679604,-0.04020404783034736,0.2835639208449213,0.7330922801201512,-0.056065705201939785,0.09451554262517867,-0.3200123906212356,0.008618332902763285,2
-0.5113523075248215,-0.10723489771765211,-0.15064403716539124,-0.0389635280023119,0.23205822015901786,0.7104722814298124,-0.05393369145953643,0.21178064955282477,-0.3101382178151079,0.008352409110820668,2
-0.4609428507572427,-0.19138985033854972,-0.4402809510032894,-0.03483591554744497,0.17513587819975326,0.6352081976052314,-0.048220210467976234,0.2055702974169187,-0.27728363723123695,0.0074675942687991315,2
-0.4525954039771085,-0.22652853338627485,-0.5620681896653951,-0.02739187945262644,0.09567682677366159,0.5667040960293174,-0.043019896290099204,0.18340054490375704,-0.2473799512872583,0.006662250700743585,2
-0.4654835092789312,-0.23348905270073295,-0.5844625400724219,-0.02040277880996386,0.08443201967902085,0.582841560087546,-0.044244930721708965,0.18862305824428321,0.04270178262826663,-0.02150861266115124,2
-0.4686437507745011,-0.23507424697377863,-0.5884305491101735,-0.01333426906603843,0.08500524207428413,0.49389438960681475,-0.037825459376235035,0.2777763423592724,0.2187978810913979,-0.03038898257028647,2
-0.5134987118313242,-0.2575737387007994,-0.6447505775355221,-0.0010759925363395314,0.09314128745324514,0.10461249637558288,-0.04144582026758053,0.30436294892009946,0.37287228772947506,-0.03329758132465792,2
-0.47526850390317577,-0.23839725907099898,-0.5967486097154479,0.014373471638865057,0.08620687709545893,-0.4194797073027469,-0.0383601604790069,0.19258813020523835,0.3713784950178789,-0.030818561556514357,2
-0.46994251112539037,-0.24001183345137506,-0.6007901621247591,0.01447081772059271,0.08679072363678643,-0.42232068454861776,-0.038619959323078656,0.17918788032552438,0.3738937009636818,-0.031027284006273616,2
-0.5347096064861964,-0.20444423731266936,-0.45317386109064856,0.01651424411481875,0.10378347966008535,-0.4819566533167261,-0.044073489714275,0.19537129838382603,0.4266912879374159,-0.035408651549128,2
-0.6037907740343527,-0.10247206082170936,-0.08294204651983189,0.018723541531671203,0.23900872539739007,-0.5464334517583835,-0.04310785255014898,0.15798184518093042,0.48377461271324845,-0.03084011282286502,2
-0.6051846857037317,-0.013449965881669738,0.19238813395238819,0.018807593019499566,0.28590357292120844,-0.548886435588488,-0.04330136717652438,0.07924752506443485,0.45157649193823224,-0.030383616548312627,2
-0.5873326541743555,0.04837085547354536,0.3791805084870442,-0.010079676551250551,0.30463207893295585,-0.4696338737029467,-0.04218173667828088,-0.03372680437540358,0.4376106402570297,-0.029370170913106602,2
-0.6496224069883121,0.0724070127478825,0.43619398525559305,-0.032968640722444834,0.3519746961499638,-0.35094884676695765,-0.04665533427630158,-0.10328329667676234,0.3474914978585338,-0.023425324389994978,2
-0.7036573679817725,0.07990510601390738,0.48923704496851883,-0.05815050846603895,0.3964311991305366,-0.21473946359696677,-0.057357784248083105,-0.1725671701633366,0.13652187482229178,-0.023485852172399815,2
-0.6924834674865139,0.0786362332012438,0.5076278080204291,-0.05722709314359037,0.3979433782502081,-0.2113294553915246,-0.05644695718511233,-0.1698268472790839,0.13435394208385432,0.0032874541251059863,2
-0.6925986254757742,0.0786493101784189,0.5077122250504505,-0.057236609842958724,0.3980095550781475,-0.21136459886613013,-0.053429696876155675,-0.16985508899050852,0.13437628475417931,0.003288000819178275,2
-0.674590343007614,0.08287346253911028,0.5207766708723243,-0.058709421706503576,0.4082511329097426,-0.21680343057886706,-0.012184333295684578,-0.17422579841643485,0.13783405394959547,0.003372607622885163,2
-0.6989617872663261,0.08941845594954165,0.5244687893198244,-0.06233813871449191,0.4249796559661127,0.02390602901054638,0.012032863496229326,-0.18499436161408647,-0.09333058451769002,0.0035810620461566973,2
-0.6944601546250533,0.08951502155882761,0.530375039209762,-0.060438686232105986,0.42027602058802827,0.023177608703420397,0.011666220331876868,-0.1975619160084318,-0.09048678754042411,0.0034719465458639518,2
-0.6949640056927264,0.08828583288899798,0.5209092791389768,-0.058750979325104265,0.43443501944366525,0.02253039062613919,0.011340449507588942,-0.19204514138948248,-0.0879600089844196,0.014990137518466408,2
-0.6986992685149321,0.08781155053171151,0.5181108903968887,-0.05843536183523776,0.43210118106476475,0.022409354595475182,0.021458781956470052,-0.19101345126001246,-0.08748747699323906,0.01490960865527671,2
-0.6918028118357865,0.08461992971199635,0.5132195397852575,-0.05841245620690555,0.4066817816131442,-0.21419388981807524,0.021476546704176855,-0.14090261343879584,0.12416522641721219,0.014921951640852752,2
-0.6815032101201874,0.09156520663747428,0.5175948180741651,-0.048238796096128,0.40555496930035356,-0.231774096816533,0.023239258689061928,-0.14019616440193433,0.13435622852413015,0.016146687784773465,2
-0.6878158107070415,0.0924133531591219,0.5133051138720304,-0.04656972810420043,0.40347296085412343,-0.23392096461972878,0.02345451836188541,-0.12621423538456872,0.13560073800616082,-0.010126793977102835,2
-0.6868574721952546,0.09161728375764187,0.5123843361820024,-0.04616856599600201,0.40578562607104635,-0.23190591683785874,0.023252475867418198,-0.1333092904237174,0.13443264276175448,-0.010039559496968962,2
-0.7072487520563862,0.07503967923105477,0.5003178723258966,-0.06387683212678617,0.4536948338836506,0.024525994922407732,-0.01330163841431475,-0.1540837891318012,-0.09575096897006129,-0.0018951528385552684,2
-0.6886526577430435,0.067942733953475,0.4870053000433863,-0.0667030314511775,0.46033119797141653,0.06414111993138896,-0.01797276179703294,-0.13106334181323784,-0.21333889356670063,0.015883682605671526,2
-0.6905584834212881,0.06463838118258655,0.4644172976502538,-0.06688763010004214,0.48196215629143374,0.06431862856657995,-0.03721584287027114,-0.12124769437322835,-0.21392930258778864,0.016855421796701676,2
-0.6999905132158685,0.05585610519395551,0.44693151852897367,-0.0678012183552567,0.4845242488051483,0.06519712797763769,-0.06177860627899293,-0.10826218927305041,-0.21685126735164895,0.02712973048246467,2
-0.7120087188485429,0.056291835385000724,0.4324501639554105,-0.05239610513395041,0.45674831731049315,0.16859253036671168,-0.06752453066363019,-0.09436804417045798,-0.22064571092805874,0.0261516919579181,2
-0.6369706615164755,0.030001002009420553,0.3490541928452031,-0.04687411946588622,0.4086119595477722,0.4615733572576124,-0.07189511651220931,-0.06224374942764097,-0.2825214361409569,0.01555245512779653,2
-0.5566227103608627,-0.042112508313088416,0.09420382782806974,-0.040948146399944256,0.3569539552099176,0.6950063505705946,-0.05277118137184306,0.05909675351888108,-0.24680419088494732,0.004373276348089452,2
-0.5573434892560248,-0.09047639318151528,-0.054947128291250334,-0.04023643681583631,0.35074982698084384,0.6829266174396791,-0.051452328326803284,0.15958093297789416,-0.24251454841040873,0.004297265515743397,2
-0.5422936849883826,-0.16931249901744902,-0.3569130310709209,-0.038188643469893556,0.22312733794285686,0.6481697479544134,-0.0488337133618862,0.15145922045679813,-0.23017201219622574,0.004078560470633014,2
-0.5103208912628605,-0.20432877162460372,-0.48907463690482406,-0.02844351392098674,0.15058043366910914,0.6055019705413066,-0.04561908321514421,0.14148894904871656,-0.21502022793892317,0.003810076619178866,2
-0.4480778587836238,-0.2533753369315944,-0.655094447142243,-0.01647263912339655,0.06561013265675496,0.5311889207623158,-0.04002026873266076,0.124124058717419,0.04126444807282418,-0.01690869427036584,2
-0.4694299112259185,-0.2654493177715181,-0.6863113678533193,-0.012802475533757218,0.030938924922902507,0.4235060306336547,-0.022986713578498234,0.17598559453543797,0.15977258578902634,-0.022211157089716285,2
-0.49925338989149465,-0.28231365017989896,-0.7299136010038723,-0.0033130812544972443,0.03290451413080874,0.07822882023542631,-0.024447088696499877,0.18716618294398205,0.30775125125092334,-0.023622260118649863,2
-0.4564082260141603,-0.25808592363527794,-0.6672735298806638,0.009015813152713577,0.03008069895241814,-0.404067234118849,-0.0223490768597592,0.15905574358527474,0.29859984315028,-0.021595033811470384,2
-0.4569405801468289,-0.25838695481788976,-0.6680518371087226,0.009026329188835735,0.030115785051853125,-0.4045385377669836,-0.022375144802336665,0.08671760470292936,0.3238012321381814,-0.02222679581578479,2
-0.4892104869454621,-0.22602840903930652,-0.5509764367853914,0.01098912294437995,0.036664524146833286,-0.4925062707395544,-0.027240665832939447,0.0701826824994886,0.3942124727634884,-0.02706005805564842,2
-0.5821726017463704,-0.09655316779461885,-0.08830207565226263,0.01343804118655353,0.21142188567090597,-0.6022609433283984,-0.008977844931773882,0.05136453989070272,0.4820624422950955,-0.03218733006863749,2
-0.5670964542424813,-0.006329640218752081,0.2162718107847435,0.01312799094093804,0.24997845399633703,-0.5883652310879541,-0.008770702909543767,-0.0075306258014568635,0.4709400192752021,-0.02493224559510643,2
-0.5580745427938214,0.037851802348482635,0.29504886024859533,0.004475560446336148,0.29048643237771904,-0.5616287213075611,-0.009004802217268005,-0.0077316261437365055,0.4463984921374109,-0.024612023607177333,2
-0.6939323252359182,0.050264205960295065,0.37560980166042107,-0.0181780110670282,0.37768796130971427,-0.34254810172537997,-0.02315779219590455,-0.07546293420143706,0.32778251233866734,-0.024218646285518196,2
-0.7369409571277,0.06392402511898501,0.47306732462131923,-0.05645032207193476,0.41419642688158875,-0.1040852252590057,-0.05482781424187603,-0.19906794827798543,0.020651301575651974,0.010333383119747757,2
-0.7179614406624821,0.06658111740630068,0.49570609644205366,-0.054398176000312645,0.4243368508568949,-0.10030140121178445,-0.05283465141335018,-0.1918312046589859,0.019900562060856053,0.03199658769602373,2
-0.6978240020055761,0.06786013682082256,0.5074324693301703,-0.05287241170405311,0.44680332052693517,-0.09748813966358724,-0.051352740977027,-0.18645070802293226,0.019342389539266786,0.031099144901095287,2
-0.6886913335277061,0.07480445907461632,0.5198506350335077,-0.052180451831175714,0.44707824430699505,-0.09621227804588278,-0.05068066957016047,-0.1840105619417661,0.019089248875253723,0.03069213943910105,2
-0.6586585567691158,0.07434744191735189,0.502936418675178,-0.05307980595561938,0.46910688218470326,0.09124215057396143,-0.02198064196033518,-0.1910469645486333,-0.19594329054396298,0.02929848416039046,2
-0.6558288637030564,0.0727092298069815,0.49947906191959446,-0.06819887002266417,0.4492249443310134,0.08479519905241847,-0.02042754251847356,-0.22853093913059316,-0.21875366507670807,0.027228323540013376,2
-0.6606134634865157,0.07162654994403979,0.4921449030103483,-0.06718335186293492,0.45413377423924894,0.08353255255304143,-0.02012336533226421,-0.22512798951178026,-0.21549630437089431,0.027595490381846954,2
-0.670472861760876,0.07760408251972932,0.5058563548885848,-0.06589314679742625,0.4336115383401585,0.07975772926089941,-0.019213993526293358,-0.21495449004901024,-0.20575805928861637,0.02634845438608551,2
-0.6866252600846182,0.07890265243744145,0.5223832786306406,-0.06131619216436279,0.440867276458295,-0.08162680325972756,-0.04299764154946938,-0.2039388075432558,0.016195379570715727,0.026789350137095547,2
-0.6813239567754545,0.07515987547714792,0.5082761705742156,-0.05840763555395401,0.45259445475276694,-0.1338611473559353,-0.05496069893304062,-0.19426489359229174,0.06326673172573236,0.025518587249195746,2
-0.6813679848916223,0.07516473241443268,0.5083090160980824,-0.05841140993783949,0.4526237020455306,-0.13386979765229948,-0.05496425057101433,-0.19427744726403237,0.06327082011127387,0.022848404490960046,2
-0.6836311333096285,0.07541439038050317,0.5099973530483777,-0.05860542212057415,0.45412708147918485,-0.1067104072147997,-0.0551468130915391,-0.19492273543016161,0.06348097271546993,0.022924294951950683,2
-0.672937491197424,0.07359918673167005,0.5020197626404216,-0.057688691767820814,0.44702343706309755,0.09330082613935045,-0.03963488351255355,-0.19187367304745412,-0.1968246115072218,0.022565703609417793,2
-0.6599868064911427,0.06674799718703114,0.4923583903029858,-0.05657847266429979,0.43925354006920747,0.12725583639708563,-0.05268914208633663,-0.1646453249168469,-0.2716611462238489,0.036204149995137574,2
-0.6464775804458053,0.06648149992407251,0.48852416093609774,-0.05913815694231323,0.45825518603068793,0.13301305726877247,-0.055648108476484125,-0.1479084257222758,-0.2839514526282327,0.044498503058618695,2
-0.6811208649397876,0.05655146043374195,0.4299218393144471,-0.06230723821809318,0.4593021642261729,0.14014092886673077,-0.0687998659213785,-0.1299899119868763,-0.29916777451382054,0.046883078096708976,2
-0.6901334315384047,0.02434012021371245,0.3050858419544229,-0.06313168533595692,0.4530416325820467,0.31912254963843845,-0.08553817103487191,-0.07302026943815623,-0.32284168375288536,0.04315950421938202,2
-0.5682801662030134,-0.009331707683256767,0.18995014950733963,-0.048014156468939105,0.3579968100462368,0.5676499166259777,-0.07245879577891091,0.0037901637419359164,-0.4261810316217584,0.033264726110739204,2
-0.4908421168034192,-0.05425777997779748,0.017138051074649874,-0.041279157432789766,0.30038512093172354,0.7154702508567976,-0.06258502551440744,0.11003523217431281,-0.36810645900310784,0.017563631907012076,2
-0.47996478053786035,-0.11364115987088322,-0.1694418762313795,-0.03927982479927539,0.28582405918260506,0.6808168540868713,-0.05789051754401871,0.23419807288966646,-0.3502774309448043,0.014311815487151032,2
-0.4750957079815684,-0.16758734618709903,-0.34839225327152973,-0.03678268945533725,0.2409613540781763,0.6375353008269784,-0.05421024508412966,0.21930940451389064,-0.32800925237053896,0.013401970790248376,2
-0.4485969037647263,-0.20268668773764367,-0.4806976715152429,-0.031181864836586484,0.16355207602589814,0.5988977303634525,-0.05092485498641096,0.2060182462686486,-0.30813038356952394,0.0093131527330364,2
-0.4436600719438987,-0.23637205510228415,-0.5976526384025016,-0.021404923729545836,0.09967128306134902,0.5748097117327879,-0.048876627395145714,0.19773207134632187,-0.08726734871208001,-0.00831153653813878,2
-0.48497445211492646,-0.25838342273226944,-0.653307068166695,-0.013111134298768118,0.032222564417878165,0.4508644324264788,-0.026229468529475747,0.21614521799666936,0.13661125829652407,-0.022842401687292027,2
-0.5276494506059454,-0.2811196970393352,-0.710794381212989,-0.006585994737312586,0.03505796715283264,0.22001611087934128,-0.025598410085225787,0.07555675749057655,0.28373806011116287,-0.024852403354978705,2
-0.5351420175374465,-0.28511156729223075,-0.7208875869761285,0.005107110563603302,0.03555578661435831,-0.14561707927032794,-0.025961904827205166,0.07370839105986074,0.28854076431428116,-0.025205304879526876,2
-0.5026854664546642,-0.26781945072344554,-0.6771655019503583,0.004797362516429247,0.033399315683804484,-0.34498586164337774,-0.024387306192420233,0.06597137881569437,0.3020143374533344,-0.023676594296971616,2
-0.4739896047751395,-0.25883753352944017,-0.6675461815120196,0.005328615643442199,0.03709790857444987,-0.38318910710286747,-0.027087921922371114,0.01877608137933593,0.3354589772164039,-0.026298506798727975,2
-0.6611467119462898,-0.09698725165889807,-0.1504346243068978,0.007481213630790392,0.13464845980984372,-0.5379858040157908,0.011003398326811,0.019733179457669614,0.4709741593036306,-0.02583308926494367,2
-0.6411429129658059,-0.010211112365369179,0.1805515905333079,0.007254860401021104,0.2725232875393641,-0.521708388302408,0.010870992266666223,-0.01624642826451367,0.4567242625144931,-0.022823315469267125,2
-0.5936534556286995,0.040556311586790274,0.37381163915381194,-0.006961140029743887,0.3541072734134999,-0.4830654465375364,-0.0029635908558218174,-0.052209958282358276,0.3795239016560558,-0.020389455257125617,2
-0.6549113803929569,0.05884509792141788,0.43042594992474464,-0.027074856498556295,0.3931115731802694,-0.33185321279718194,-0.0342685256143889,-0.10586905497998936,0.32259100904362564,-0.016783620616781274,2
-0.7117646751379346,0.07219986240295033,0.4704950433253796,-0.06541161796731457,0.46641936101474896,-0.0378207463441148,-0.04067647423699249,-0.20156475793656717,-0.03185767463734387,0.0018865283916720294,2
-0.6986458716660787,0.06530047869086172,0.5145193819168309,-0.05902824056389161,0.4470081154194426,-0.03412990204006088,-0.05893591812780087,-0.18189449199418314,-0.028748753520192506,0.028607391638918907,2
-0.6986458716660787,0.06530047869086172,0.5145193819168309,-0.05902824056389161,0.4470081154194426,-0.03412990204006088,-0.05893591812780087,-0.18189449199418314,-0.028748753520192506,0.028607391638918907,2
-0.6988954530464971,0.06532380636554588,0.5147031867066374,-0.05904932757000026,0.4471678027618133,-0.03414209446602397,-0.05254909561089905,-0.18195947123508838,-0.0287590236067698,0.028617611225958597,2
-0.6818442914344924,0.06373008190419054,0.5021458189623021,-0.060222824274269685,0.4362581159991646,0.11064084615800507,-0.03258770193504387,-0.1775201515380721,-0.19775623445942714,0.027919418796981847,2
-0.6583927942388544,0.06123899081806823,0.4706585884632481,-0.06362748380492494,0.47096840952527597,0.14942080508747324,-0.0305442786035828,-0.19774233723606296,-0.22832549575036165,0.026168721804469025,2
-0.6609910139914557,0.06178098429332754,0.47464937881679364,-0.06580804037480512,0.4602173176058858,0.15454155635290445,-0.03159105152934381,-0.18789110572835518,-0.23615036371710435,0.041015853564746005,2
-0.6716288122810394,0.062453578849706766,0.4474364454956884,-0.06686713595178222,0.46762392206863274,0.15702870348356393,-0.03209946877982303,-0.19091497086545514,-0.23995089940073602,0.04167595085451418,2
-0.6886743851924201,0.06509974268501835,0.49332330004992675,-0.065879355995453,0.47723440532984085,0.02041172614626058,-0.05608238392746366,-0.1932085641943685,-0.05243610903656715,0.04628386664592481,2
-0.6902461896527059,0.06523259644628746,0.49444924255636213,-0.05688326336349099,0.4783236271493655,0.02045831310068878,-0.05621038424676699,-0.18658077720203753,-0.05255578723548939,0.03737165926773937,2
-0.6760835902860001,0.06389414193111859,0.4843040412724256,-0.0557161220133978,0.5098322473336484,0.020038545637271893,-0.05505704915521639,-0.18521558221843423,-0.05147743784337964,0.024820033792825526,2
-0.6801278577932668,0.06357049812124647,0.48185088985170776,-0.05543390243184124,0.5072497875660439,0.019937044137160437,-0.05477816798379194,-0.1842774073738377,-0.051216688522666524,0.024694312559938095,2
-0.6504727836417714,0.060798684242383,0.46084112866521654,-0.06117823947032187,0.485132578439501,0.16290813240048999,-0.036894027711905135,-0.17624250611593692,-0.2489350801605725,0.02361758608609358,2
-0.6392430799707887,0.05009906121109057,0.45288520884127254,-0.060122063842930076,0.4767572932100184,0.2339346165126634,-0.04044151725654783,-0.17089655919389868,-0.2569436357996934,0.03207697361995812,2
-0.6564741571238705,0.050612836652288266,0.4237740651078104,-0.06174268040201332,0.474935735896007,0.2402404265436308,-0.05342127330069523,-0.16079643903698942,-0.2638696640214775,0.03515283862516021,2
-0.6681048861288044,0.04380133576608702,0.3968687018512197,-0.06265780440882161,0.4785121330862616,0.24380116897179355,-0.07382604011368145,-0.1523453875090894,-0.26778062905639716,0.03567385919511092,2
-0.6778507335278348,0.04147662797129475,0.3871587017361202,-0.06357181269225892,0.476461579096636,0.24963290929487586,-0.08141966615333587,-0.11705004976935461,-0.2716868258248741,0.03391752092925371,2
-0.6175470646941275,0.004980306193937885,0.24460198547939593,-0.055748252325277824,0.4178251210699549,0.5080046942661187,-0.07833058289735383,-0.036870427602855325,-0.33840688360587656,0.028331067129537094,2
-0.5342482141811089,-0.055456793924308155,0.01797734561681702,-0.045299364545803175,0.32890086040011046,0.7135962861264937,-0.0682958384685649,0.10519383534087197,-0.2749793248374337,0.014799232430446585,2
-0.5124429466423144,-0.12540442411061348,-0.194714471463471,-0.04273940020912458,0.3086966200971292,0.6732694280880545,-0.0547385318940964,0.25057731015550466,-0.25943965288031334,0.009777661756725531,2
-0.4824500203048333,-0.18818153311555655,-0.4148079706972502,-0.03921537771101692,0.22214059569863787,0.6177558598053661,-0.05022513636293973,0.26046190460132007,-0.23804788862583334,0.00897145718106489,2
-0.46270077824147815,-0.22808507833903854,-0.5587951453703741,-0.028113054639441488,0.14519851748106857,0.5475646061508306,-0.04451840735288152,0.23086745021771493,-0.21100018123908856,-9.545797573396765e-05,2
-0.4407731737978699,-0.2504890164264814,-0.6422644126089111,-0.018493170543583484,0.08656616070792987,0.5216152655497016,-0.042408659384435374,0.21992653469447265,-0.00020058143031648565,-0.016186521215750673,2
-0.4521865636216241,-0.25697518428105065,-0.6588952208041295,-0.011427442619895228,0.0521501646374978,0.44226268652693324,-0.03497479552079087,0.2256213170049009,0.20885387920456058,-0.032030980013336395,2
-0.47891380185365834,-0.2721641295583979,-0.6978403177024899,-0.0002575364760246916,0.020829556913003037,0.16207126689187334,-0.015775017423234613,0.23895703985681033,0.35239030066093036,-0.03496905458566876,2
-0.4861618034760835,-0.27628312977298763,-0.7084016081378968,0.019858637424648506,0.021144796652838256,-0.09096922046445044,-0.012276272333685877,0.21645007162617574,0.3577234638753365,-0.035498285030459854,2
-0.4684375269049876,-0.28035941875782516,-0.7188533851771477,0.04076436308834571,0.021456767571053262,-0.09231138287459537,-0.008821011738157105,0.20319131030071383,0.363001325815771,-0.03602202771561469,2
-0.436839791983536,-0.266694705085391,-0.7017751239219823,0.06574358743314691,0.024632434273484372,-0.10597374762173009,-0.0009325964978899021,0.23208931623335355,0.41672662341775746,-0.041353397111853755,2
-0.36328154449097383,-0.2033778439824317,-0.5308842100838848,0.14355942594877166,0.03969834623636611,-0.1707903684363561,4.899308199532859e-05,0.1942007616230045,0.6716087252553036,-0.06664633541166015,2
-0.14615507579389275,-0.012060154707850249,0.032514324769035076,0.9807447314970568,0.015048973151631216,-0.07426378536350675,0.0005878502535029992,0.00843152982054187,0.0979125556885083,-0.008002563787027489,2
-0.13021458262648408,-0.010883260820344803,0.039523256333852064,0.9868339303049282,0.015142408463014154,-0.04475027677969229,0.00148561528344453,0.008483879080938514,0.07114145765476992,-0.006530612633325133,2
-0.11421978390246972,-0.010573878972727149,0.04416487174505572,0.9917272517961351,0.0152174937134147,0.02425293421271729,0.0039422051329904475,0.008525947301903241,0.01850707667520048,0.0022072431644439916,2
-0.10728269819517945,-0.00935830282503807,0.06739577614498893,0.9911947532702703,0.015209322824740345,0.024239911830108787,0.0064801175885465115,0.008521369375500954,0.018497139476207753,0.0022060580061969404,2
-0.10426740078720596,-0.005857252110327468,0.06742192773485989,0.9915793666711756,0.015215224499822653,0.024249317645561163,0.007753482651048337,0.008524675923326262,0.015757843632686407,0.0022069140231094175,2
-0.36215361199740226,0.044138035390547704,0.24760311903702792,0.8793205996026286,0.05587702947058906,0.1211633224837034,0.029632230701745917,0.10958911359637077,0.03482470964352662,0.008104763745666621,2
-0.5319028977120343,0.13945228129724418,0.3636600937705893,0.6346656035567306,0.08206781019530532,0.20122445890531282,0.06187503474267555,0.32957129378531014,0.04646723864696601,0.011903643036487067,2
-0.43882556965972586,0.17900295696023386,0.19650167510100403,-0.006217986874244637,0.06770681963680214,0.1660123270401882,0.7199114647156486,0.30399012683284343,0.03833596800747029,-0.3032137520543586,2
-0.19982824738023663,0.12117604984743571,0.03726922251099344,-0.0031372078936129917,0.030831692679629378,0.07559712708099309,0.8714613203180003,0.1482868862367795,0.01745707139284933,-0.39414823228815954,2
-0.12461127518304084,0.4363078165855383,-0.041824604236376586,-0.0021548765053167602,0.10352761122471706,0.04592131532892634,0.8320244736982425,0.11676869256760862,0.013198684552363456,-0.2707314255771993,2
-0.12847856169893634,0.5262530355422841,-0.05643688956491507,-0.002017051959400864,0.1347708910549609,0.04298421688386273,0.7788087116833718,0.10963393497004788,0.020530029670558197,-0.25341561388066974,2
-0.13693569217329038,0.597620686068407,-0.0739231897376235,-0.001891711779152894,0.13167022709029086,0.014894473103074434,0.7304133176797001,0.1028212511884552,0.019254287810061815,-0.2376682958339458,2
-0.14587668710444507,0.5980285759710893,-0.09117257067037424,-0.0016926153738049355,0.1479399200139329,0.012184336384305555,0.7241033226378827,0.10193298481996446,0.019087951219977223,-0.23561509426709398,2
-0.09001141597406181,0.701696472599534,-0.22485320478582857,0.005732483877075756,0.09033955130152092,0.0009881745079578946,0.4421738855671004,0.062245404151854845,0.007014353324190375,-0.49116274105282864,2
-0.07325023720882388,0.8464182173955115,-0.28098482507817246,0.008222377084708295,0.0657245425212767,-0.0036387568642213958,0.2550468290812618,0.04514743163644894,0.004636146024916595,-0.35733458927031414,2
-0.07390460103583751,0.8694854522814892,-0.28433885581617796,0.00826391171649936,0.06551865302466257,-0.0056515459730177835,0.15595431983918578,0.044922980793543114,0.0013622454816291409,-0.3562151986152348,2
-0.0801015356027205,0.9423922047586759,-0.3081807988023906,0.008956844490046316,0.06265682549305501,-0.0061254306852773,0.06463713315899032,0.03247193248179944,0.0009160970879187784,-0.03409741942587934,2
-0.09363479924081936,0.9433721144279779,-0.3085012485505047,0.008966157914412425,0.027704775180741784,-0.006848233379953529,0.03630348613441507,-0.04932081986048888,-0.023119495431754303,-0.029374440302010262,2
-0.09851212091497993,0.9418272051143457,-0.3079960327985617,0.008951474524202325,0.009720775181412821,-0.0088009265615091,0.03624403388541534,-0.05833426154394548,-0.050009429089132126,-0.02932633537532094,2
-0.09821417658459114,0.9389787020736698,-0.30706451624098224,0.008924401296478321,-0.006641336185690126,-0.010742908761675775,0.036134415857640885,-0.09663067890307014,-0.050809628976430224,-0.02923763953490047,2
-0.3986824944954336,0.0916771626389789,-0.655445743792134,-0.008702849093031494,-0.3232232504268103,-0.043608874117605854,0.14668105514127794,-0.45925888436541246,-0.22316243491171064,-0.11868485251610027,2
-0.22350953722223868,0.022170981203534574,-0.36745625125746234,-0.005150887720249601,-0.32680215200673907,-0.05994726916897109,0.0822323909540809,-0.690198521543455,-0.4651832471643359,-0.06653714880242141,2
-0.20305977748534867,0.012985060756923678,-0.33176657890300787,-0.004650600966544365,-0.3043791247865319,-0.06619537937024246,0.0816889075132911,-0.7520487764596645,-0.42000171162299654,-0.05188816020671906,2
-0.2025321200592889,-0.03438809560768491,-0.33090447267377565,-0.004638516228906873,-0.30358818574621516,-0.10129195100093052,0.08489438080989747,-0.7500945532916284,-0.4189103235359999,0.01959535938595991,2
-0.2584220709873576,-0.10080861026583893,-0.31659549259355374,-0.004437937385759448,-0.2904604172777729,-0.22300490521457833,0.10351060132425335,-0.7176589445051791,-0.4007957920930075,0.046799737995696894,2
-0.25746046636949815,-0.13361776114881224,-0.3606061799708861,-0.004263400289545101,-0.2790370659795899,-0.268961281167209,0.09943969220315847,-0.6894345471425398,-0.3850331240681471,0.04495917791939393,2
-0.26572522842054797,-0.13790703715790661,-0.372182032037122,-0.002019270924213809,-0.2791779875634474,-0.2974791478020038,0.10263181488543953,-0.6941208816909495,-0.33286079655242956,0.0464024166144615,2
-0.3106290972798668,-0.1515661003424627,-0.40904496518773864,0.003303110755346043,-0.24607599232556104,-0.45523376824170314,0.11279702815632378,-0.6480163117746794,-0.1001409467999927,0.05099836438852101,2
-0.3385668419365817,-0.15813575360066526,-0.42677507490373107,0.005000678289903122,-0.19413066299765616,-0.5010638784499996,0.11768623070140734,-0.6070136334298791,0.06449005198341651,0.05320889543742327,2
-0.4431217440352402,-0.19581955769529413,-0.5284757210191907,0.006192341634378943,-0.08386152018064283,-0.6204675718240279,0.06064059403094532,-0.23948738615298867,0.179737397979685,0.021027492573605953,2
-0.473293858968979,-0.18519902715743172,-0.4457453784023507,0.0069653882324100065,0.015275140500248748,-0.6979262092680948,0.005060045937550021,-0.048190453991220905,0.23029317190613907,-0.0060046139917817876,2
-0.5265695557301163,-0.029914662408995707,0.11268799136596423,0.00774943793908028,0.19229630903038478,-0.7764873492068535,-0.013940692095741886,-0.05361494865762243,0.25621581797502896,-0.0147853891336655,2
-0.5262378179127696,0.012624616702744498,0.11807236817228393,0.008119716026349484,0.2014844733922958,-0.7712130864027988,-0.01460679625000431,-0.027952692017305967,0.26845813848313643,-0.015491853996147421,6
-0.6101607704176063,0.015569480596080845,0.14561435713070403,-1.9359661292704036e-267,0.24848347262780301,-0.6587243750032159,-0.018014030535747603,-0.0004155585947924583,0.331079657813653,-0.0191055400626856,6
-0.6906172645015931,0.01825446214525381,0.17072578328123592,-2.269826549650984e-267,0.2913348404151149,-0.5066760718988773,-0.02112057858763931,-6.315288824928914e-267,0.38817486834751774,-0.02240032065852696,6
-0.7787425495980193,0.03874407194858501,0.2434161492044412,-0.02180148131724785,0.4153772419138279,-0.2989740301439625,-0.030113142900648107,-0.0006946682655913731,0.2607528942026659,-0.03193776412002913,6
-0.6875964317575907,0.03420936179403311,0.5136970777822999,-0.01924977743736674,0.36676037481281615,-0.2639813073284494,-0.026588619843849776,-0.05088203387927337,0.23023367570805928,-0.0291713789571722,6
-0.6846643415181543,0.08927517269091502,0.5115065396726962,-0.0273398296295622,0.3651964130679131,-0.2628556222916133,-0.026475239044992282,-0.0506650596368115,0.22925189936054738,-0.0465019231655197,0
