-0.9167204875215998,-0.002694337862199503,0.039598664073332956,-0.33162147047925933,-0.06214125636483116,0.14283257749501996,-0.055087078647913075,0.007618072824272531,0.13141901958175525,-0.057925864028333725,2
-0.9167204875215998,-0.002694337862199503,0.039598664073332956,-0.33162147047925933,-0.06214125636483116,0.14283257749501996,-0.055087078647913075,0.007618072824272531,0.13141901958175525,-0.057925864028333725,2
-0.9167204875215998,-0.002694337862199503,0.039598664073332956,-0.33162147047925933,-0.06214125636483116,0.14283257749501996,-0.055087078647913075,0.007618072824272531,0.13141901958175525,-0.057925864028333725,2
-0.8506691718615025,-0.0037035338611166166,0.04395781165556425,-0.42593802198070924,-0.07311679204908222,0.17041217527714042,-0.09731696445621464,0.01869924889588379,0.20297106453118127,-0.08657577151547018,2
-0.8257431762698071,-0.003973716900464344,0.04716465560557326,-0.45701137885230275,-0.07845086427414909,0.18284421483309948,-0.1044165061973957,0.02006341082599404,0.21777836511790907,-0.09289171352089083,2
-0.7527571841002652,-0.004544399816594947,0.054152415724843805,-0.5226447878044662,-0.08971753704384386,0.20910327463335107,-0.1532506249053809,0.031695673928387645,0.24905447149104315,-0.13725616690443473,2
-0.6164676759577842,-0.005420764215994485,0.07155659738561874,-0.6234341778336985,-0.1070191079091351,0.24942777799622645,-0.18592621933138145,0.03909797009112974,0.297083360042834,-0.16729552464235503,2
-0.4957238894072775,-0.0059263858064576725,0.07823103647512873,-0.6815849787143736,-0.11700131141308168,0.27269314516420495,-0.2195509501268918,0.04672308614872838,0.32479379994018115,-0.19866392359186907,2
-0.3989218643676922,-0.005746296706068153,0.11452394702905633,-0.6652322496096643,-0.11456788908766445,0.2643810052380419,-0.31725439803764655,0.06702050517676654,0.34273067372280464,-0.28168912651648453,2
-0.0028055817339058815,-0.0006863775298613966,0.11686679042157457,-0.302222042741549,0.014468399891536051,-0.30504880702899395,-0.7122209831590468,0.2820379857099996,-0.3153467152308446,-0.3395958991075215,2
-0.0026121424002150703,-0.0006390531513084004,0.11414330480503404,-0.2813844282575069,0.014198866188995709,-0.3015501465968209,-0.7122270517484907,0.2856251139608352,-0.32069402321086027,-0.35328672471832134,2
-0.002324989183112296,-0.0004724255098359803,0.12884740920115034,-0.2065543261052959,0.01610640867831385,-0.3411776435364155,-0.7478994799809343,0.275257041241163,-0.2998938550596659,-0.3144498605587658,2
-0.002318754875688163,-0.0004651947697219539,0.13908623811892054,-0.20421705333136084,0.016698749833217022,-0.344982073698729,-0.7458940361214885,0.27451895737039955,-0.2990897091734698,-0.3136066836896266,2
-0.0022766528873057776,-0.0004410448969377634,0.1405403162606042,-0.19387945037179719,0.016815611790632824,-0.339458779029687,-0.7571760677448135,0.2695344745019709,-0.29365909139108115,-0.3079124789714929,2
-0.002264507697753718,-0.0004386920684041977,0.14076355012209837,-0.1994394035049528,0.017475322273088637,-0.37473965666732534,-0.7531367840585215,0.2680965972999196,-0.2920925173434884,-0.2741026997577307,2
-0.00220359483558626,-0.0003150217542374937,0.16655484466831438,-0.19407469447415202,0.020352383054989077,-0.42166677496605204,-0.7328782010710996,0.2608850823666325,-0.28423553753867753,-0.2651163304722362,2
-0.0020596256860769087,-0.0002796642254015238,0.16555075065612182,-0.18139506378455778,0.02017800297137441,-0.4036479450464165,-0.771279924055568,0.24384047742317944,-0.26566535941930025,-0.22653991429598738,2
-0.0018832564305651506,6.215279240914732e-05,0.15329302840927533,-0.19365238871728793,0.029952696567844297,-0.3812332356177312,-0.8037146594707181,0.23261591347857985,-0.291449843023372,-0.08742831268968676,2
-0.0016573336794671984,0.00023198079508027496,0.19604606150012216,-0.1831759770820415,0.041618484602235536,-0.47318870213743464,-0.7602344542139189,0.2108980761442635,-0.27209499777278295,-0.07615334309831202,2
-0.0012625479066867543,0.0002610670082021044,0.2148814755388339,-0.1719622576912951,0.045617041794094086,-0.5186510034711121,-0.7311722506963666,0.22481800839245736,-0.25185037587556103,-0.06692238005351789,2
-0.00023090400564467219,0.0004727875526747515,0.21574696768168583,-0.17265488129938267,0.04580077653043621,-0.520740007966548,-0.73411724088904,0.21866785113019058,-0.2509298353305671,0.023561317147947677,2
-0.00021982647346225392,0.0005881499790999971,0.21660125947667308,-0.17283788441974926,0.045982133552573946,-0.5228019786209109,-0.7370241199158427,0.19816303408834807,-0.2519234404863841,0.041528027713351026,2
-0.00017153817601780848,0.000721375812717058,0.22080944023964943,-0.1717816716814285,0.051953765953467665,-0.5196071344390782,-0.7325201636997726,0.21819213769149892,-0.250383935719726,0.04524083803407848,2
-8.756988076975158e-05,0.0010991142495542677,0.3074411430693347,-0.1387392158745804,0.0733695206274507,-0.6625069514948265,-0.5613283713797506,0.3037969760161129,-0.17406592444141508,0.06400541954228788,2
-5.983038451034424e-06,0.0014498652785107154,0.35513118160318824,-0.14366636928598647,0.08475054540182315,-0.7320835124985795,0.01896203383522734,0.2973641942366893,0.22612115313440023,0.4123315475481169,2
-5.719384153908847e-06,0.0017533713989495378,0.3359893102395014,-0.13206678245346185,0.07836122254447754,-0.5410531500721202,0.11020720384315433,0.28819273670871864,0.3735060289098601,0.5795775948767484,2
-5.605964465303048e-06,0.001813491571978702,0.3285761660898536,-0.09833690686268261,0.07597553284136406,-0.5201236555869444,0.17595466806070514,0.27463121589277156,0.38779808623006257,0.5908698441649327,2
-5.598201284455276e-06,0.002321383108047396,0.32812115139694736,-0.09631663421444793,0.07587032136435526,-0.4925757774466476,0.22280507894952312,0.24375242813074188,0.4210493101579764,0.5900516032563187,2
-5.561236169586163e-06,0.002317697753409735,0.32669879385898676,-0.09291106260452564,0.0753693470331576,-0.4893232827130951,0.24937242638096394,0.24214292249712036,0.4182691071383444,0.5861554723055367,2
-1.1891857642934649e-05,0.0024874478867060825,0.32574286809177877,-0.09263920338596764,0.0751488151480055,-0.4878915151546199,0.260125665930192,0.24143440852855652,0.41704524520601904,0.5844403722497689,2
-1.5278821090431017e-05,0.0025633135144426914,0.3353532266820676,-0.0934592908817684,0.07581406918058127,-0.4922105692511731,0.2729514695600937,0.24029202722712822,0.42073713350250697,0.5668768395106017,2
-6.414700739799835e-05,0.0028307755422612283,0.37034475367964453,-0.09949072706256601,0.08372468353421479,-0.5148052339343755,0.36745517904061714,0.26018072208460347,0.42735168587207495,0.44201113014062693,2
-0.00010545569138484238,0.0030189767452488666,0.3949667440572333,-0.09784945949709252,0.08929103308247736,-0.523934849058107,0.4124694307149512,0.24557238125116473,0.45197214353828025,0.34209019643759425,2
-0.000351678994028675,0.003844861676861393,0.5105501542997422,-0.10988821442976905,0.111521499109514,-0.5274422066018045,0.515893149611305,0.17718943409857899,0.3725361753870832,0.006844264890580358,2
-0.0005221677946816129,0.003864748020182839,0.5101370849679366,-0.1079354748248056,0.11088297714917347,-0.5204609059445701,0.5409532656644951,0.15517145460854856,0.3484616160881985,-0.08089232663844984,2
-0.0005134191275222022,0.004242095634390531,0.5055185294027358,-0.10612706849727453,0.12122610837388177,-0.4309456855298014,0.5318898570853035,0.0024800989704279208,0.34262331137458657,-0.3636173845403752,2
-0.0005093187902091179,0.004256420823308603,0.504677704380781,-0.10527950214152201,0.131232676471729,-0.41614462313222406,0.5276420063322875,-0.029543834592622123,0.3398870067208396,-0.3856956853945472,2
-0.0005103338800333301,0.0042649040160522515,0.5056835443616963,-0.10073681774187014,0.21413215251967505,-0.40079164380168925,0.5286936149549244,-0.20545062895458824,0.23730263909459,-0.3864643901292102,2
-0.0005009343849580928,0.004186351629342937,0.4963697006785257,-0.09888141432989608,0.23528050219032465,-0.3934097331947269,0.5189559643216689,-0.25687486751852123,0.23293192205075047,-0.37934636353153084,2
-0.00025328667003542447,0.0031671176237188375,0.3859861412107411,-0.07480715852614879,0.35253141874166793,-0.2976278654211151,0.3543653123528354,-0.6272006890538273,0.17622093430537336,-0.2869884471751681,2
-0.0001823063110935681,0.0026543055865824554,0.32348819737110823,-0.07042218875933375,0.4223199844068161,-0.24058182360863356,0.2881083633206662,-0.6759552867247406,0.2371409582519921,-0.24051997087724764,2
-2.8195632183506008e-05,0.0023731000383158877,0.3374364065549846,-0.0734586625101048,0.440529636359836,-0.2423562018970226,0.05443987450215225,-0.7394468886700111,0.2513298493923363,-0.12192599067091608,2
-5.295519773378212e-06,0.001452250446348647,0.20571323140223097,-0.05303171636293378,0.3180297860948333,-0.17239260987287594,-0.07033850606519353,-0.8837287510990971,0.1814415459127072,-0.07105816192559292,2
-3.955603315545057e-06,0.0011452047672080516,0.16221979746808116,-0.04682708637545519,0.2709978823705289,-0.13594407159883143,-0.059642465824503145,-0.9226176641238124,0.14854163281730692,-0.05135346144548083,2
-2.053258265458586e-06,0.001070007482210758,0.1515680007835897,-0.0440183396941574,0.2651289779350004,-0.13348555533967163,-0.05824444068528909,-0.9267388711098783,0.15404447024364534,-0.03045791334251637,2
-1.778575452614378e-06,0.000923759824279149,0.13234888147858379,-0.03947820694206146,0.23674975222877737,-0.1390437781228278,-0.06506553494695155,-0.9363405236839337,0.155640476983346,-0.016339746171261854,2
-1.7761711912656114e-06,0.0009225110945512123,0.1321699735217559,-0.044414279920863775,0.23642971616970712,-0.1462725572414438,-0.06812918758206017,-0.9350747874864235,0.15543008366966077,-0.00392111698412014,2
-1.8801078699046954e-06,0.0008689281076369253,0.1259104197534693,-0.05309715956822261,0.2214599738944946,-0.18752634113043243,-0.15540977142469004,-0.9206877101173444,0.14823090982713383,0.05690293360491337,2
-2.3898568126293982e-06,0.0008078236686194057,0.13306159929101402,-0.06749325959250385,0.2043007156511762,-0.25057682190381975,-0.25962513380278507,-0.8839756613124429,0.13802171796256765,0.07233088362169028,2
-4.0230874095184155e-06,0.0011815823233064986,0.22399603272008933,-0.11468857615881171,0.12389487123293488,-0.4354911228939569,-0.45852543354396014,-0.7116246983074461,-0.00029842321741172493,0.12176188367436269,2
-7.212084823125681e-06,0.0012298674876902894,0.23314959320239262,-0.12229605161372603,0.11396163208131392,-0.4603306764972276,-0.48172106761580763,-0.6756006631434228,-0.032298541410240494,0.12673766272329445,2
-9.836713945515715e-06,0.0012364979290926828,0.26171103841352555,-0.14278659115289638,0.10837175188706887,-0.5110255321728948,-0.5222536607338325,-0.5866787915379226,-0.05984488578514348,0.13231832676627825,2
-1.2550951972794461e-05,0.0014205612248358642,0.3006689655797368,-0.16404159687281805,0.1245038143422265,-0.5870960547735078,-0.5564130092801339,-0.42993899077354253,-0.06875330904394387,0.15201504176983313,2
-1.351469249184518e-05,0.0015296407922769804,0.323756207533842,-0.1766377357201982,0.1340639951889114,-0.6321769584202193,-0.5935931789184304,-0.24796820056851787,-0.07403261772810515,0.1636877065666021,2
-1.1250958330867539e-05,0.001683507692711274,0.37759595746818464,-0.15791513347067407,0.11677691092952015,-0.7324117874340743,-0.49416530383716,-0.09827862551992816,-0.061632027342579526,0.15671370334107737,2
-1.0739442408688509e-05,0.0016849270810229164,0.3744198746071092,-0.15073564682182006,0.11146774103245895,-0.7693374756456072,-0.44960937405569296,0.06374253426108403,-0.05882997596395071,0.1513780307423756,2
-8.12138220390641e-06,0.001984308435460499,0.2837201326658135,-0.11398932579615623,0.07293619583474407,-0.5817884621692874,0.08860390150320664,0.24997120740286086,0.41253612646694765,0.5674856766296247,2
-7.368998299030377e-06,0.0021481111021068996,0.31092418015172096,-0.10342908716886375,0.07220149851076385,-0.5278902138183845,0.11611380115617519,0.26329259637161206,0.44314337351731425,0.5739593064400281,2
-6.658480423329944e-06,0.0019836593191744894,0.286218116588906,-0.10755371335673955,0.06911027065026902,-0.49487990278611166,0.16589871841076825,0.26600926812788284,0.4181061871740809,0.6193622960435471,2
-6.621427140407495e-06,0.001979559678801848,0.28819156473415686,-0.09788514055949583,0.06917621047556495,-0.49235178065298985,0.17410584862508183,0.26563246814048064,0.4240522890455444,0.6159156528265167,2
-6.613636384928513e-06,0.0021112224381188106,0.28790164519800093,-0.09282705008222722,0.06909481791028413,-0.4917724807148691,0.18304774824322156,0.2653199256080812,0.4235533501273622,0.6151909679292736,2
-1.192939459636976e-05,0.0022969444904986564,0.30048206430592944,-0.0961353117097376,0.07164438978175071,-0.5130260425369216,0.2378556772415662,0.2757632333369843,0.43343720639798805,0.5581419092217702,2
-2.630455603786661e-05,0.0021697155954631727,0.3158751611182043,-0.09063077372150377,0.07110883623016477,-0.4888514308384761,0.2656879731229094,0.2593080545719239,0.43643705773264097,0.5652732860986036,2
-3.5597904941911335e-05,0.0024294576431815283,0.35368936190275163,-0.08896954278258153,0.07500274395721836,-0.46618255646627504,0.2974941408701401,0.25012227808797505,0.4127854436419424,0.5678286379284545,2
-0.0001856736438892807,0.0031854113779080373,0.44956715442326506,-0.11353017185868691,0.09477057809656836,-0.5800334672810767,0.3900628701423765,0.22850492867038522,0.44210620909715886,0.1988903642124835,2
-0.0002471357951152954,0.003549637588225076,0.4500847288242273,-0.11343977523033044,0.09803306579362421,-0.571677536908568,0.4415022233321185,0.2187183943067699,0.4349259489493174,0.12650324238663077,2
-0.0004327103083639922,0.004681113421437128,0.5080317869119064,-0.10079521394734055,0.12377637235803947,-0.4853968107912757,0.5877036763861018,0.15160713391273614,0.3318899678563188,-0.044928582912886136,2
-0.0007782831415847314,0.00499088364759517,0.5364063731330106,-0.08044075669183845,0.13340332807964322,-0.46493352894936407,0.6207637179960643,0.08809275839303299,0.24196869064341645,-0.14102031915211904,2
-0.0035564434432422314,0.0054122517306486005,0.5407446119191494,-0.05575157971767117,0.1060561419162481,-0.47911604116719086,0.5954266779446579,-0.0017732516472722703,0.2594886703387547,-0.2036738258220898,2
-0.015820542218422006,0.006854883391104135,0.5056121400317896,-0.06602987538092477,0.10825072177445375,-0.5039586355487261,0.5657913726845384,-0.03446771055303034,0.3022372297870682,-0.24697746059316203,2
-0.02265872327317736,0.00657068433408489,0.570185866681351,-0.0744628119858179,0.11522568510373665,-0.4313612626707045,0.5769566577235952,-0.042551588041959625,0.23827642702535956,-0.27851992915007395,2
-0.13002273847989898,0.008779155746163293,0.6475453295457193,-0.08456548810460801,0.10819403004299465,-0.3680296732537293,0.5458957323038264,-0.05253099453334807,0.09018810119223636,-0.3163078740556125,2
-0.1629564741632823,0.009183715433593493,0.7263928823931529,-0.08550825371940105,0.029760574889358994,-0.1612506947980806,0.484032940719887,-0.06723971149535062,-0.264488826887023,-0.3198341847768258,2
-0.14201460443628383,0.008267675529476595,0.7960594828130458,-0.07629713423146335,0.009535618646422677,-0.10379087370795098,0.42182887770134736,-0.06230639477676662,-0.2898744407273776,-0.2512374159832048,2
-0.12432025117370334,0.008655742736519303,0.7349869241750694,-0.09332245238598896,-0.13954990458761463,0.196486323924763,0.3685474173462072,-0.06581215397505197,-0.4834782015055655,-0.056699070965608916,2
-0.09433145480913929,0.0073799199810560875,0.6613729742303157,-0.07974175519263033,-0.1827139037135021,0.2724669965418846,0.23977566003884088,-0.07985761367575298,-0.6127935506913795,-0.000985356193364542,4
-0.07716145235150562,0.006234599072484827,0.6626484751158087,-0.06522733754261405,-0.1864996740178593,0.28117730314072065,0.1694213849402837,-0.0808170880327571,-0.6329025793579603,0.028095766978583743,4
-0.048300946737773354,0.0061800399506117595,0.6558616625116462,-0.06335050267295211,-0.21034645175597017,0.32175050269440053,0.1645464969730322,-0.07849167763584612,-0.6146916010352295,0.0663265309185257,4
-0.03161130099138437,0.0061398899228711,0.6516007088358903,-0.0629389317996195,-0.20897988844235996,0.3333522734012891,0.16347748342766805,-0.07798173869375592,-0.6106981179783648,0.09825732887702228,4
-0.012208447916782803,0.006046054446428517,0.6500904450307372,-0.06112909360620265,-0.2033616508034352,0.3414454356203463,0.15877661252294686,-0.07573933760683654,-0.5931372101751645,0.18043761996288318,4
-0.007222753323068826,0.005954177053093276,0.6533020027669518,-0.0340486046376602,-0.20561069876401597,0.340364675898186,0.12412197279048987,-0.07422731696786562,-0.5812961282240394,0.2341056308265569,4
-0.00391212996075566,0.006280058435480115,0.6902278782750296,0.004209548191472788,-0.21588123307077664,0.3664074902638338,0.06589620331279228,-0.06316068847081305,-0.4981214715908662,0.2932434616592686,4
-0.0012379569141236356,0.006643795479550904,0.7031017706801947,0.08709149167365243,-0.2273470788388802,0.38936887435524997,-0.05332108914680935,-0.04357270676934343,-0.30303614154113584,0.4449050273291836,4
-0.0005547902393255282,0.006711043834407522,0.6454327315879583,0.13661226526423734,-0.22020618499177777,0.4257948667310253,-0.11984048029744786,-0.033848111603370826,-0.20222317364746553,0.5275627409830078,4
-0.000315294688196545,0.0070879164718837635,0.6271361586004809,0.17353985906369068,-0.22886833071256893,0.4520468858391594,-0.1675549460000018,-0.026259023090520146,-0.1251040723213068,0.5245954321135431,4
-0.0001398983747013046,0.007186622400689056,0.6168343924034371,0.2188380692959593,-0.22637062716880246,0.44711357285001085,-0.22430933814697807,-0.015563998391228797,-0.021140762434371442,0.5188703767257827,4
-8.882729297837856e-05,0.007041803019554907,0.6044044120886846,0.253231347409521,-0.22180897743882752,0.4381036781725601,-0.2631798301115398,-0.009956910773522756,0.036772959489408626,0.5084144931887451,4
-6.475734618194454e-05,0.007248524579745917,0.5969576369360375,0.2645296775566744,-0.2190761026470678,0.43270586915653325,-0.2754322038413126,-0.0018948858732049025,0.10089558255501592,0.5021503952778118,4
-6.404717731583845e-05,0.007236056270874585,0.5904110325253947,0.2743793579929269,-0.21667357943416954,0.4279605506008135,-0.27449890147966693,0.006298177883916935,0.16540966199681764,0.49300114654013466,4
-7.103463611236291e-05,0.008380275610726922,0.5762976954698422,0.31027037108205596,-0.21532694240329053,0.4472312867802471,-0.30767432607039136,0.014690026556320297,0.23266350434707417,0.4194630341160755,4
-8.166704835600608e-05,0.009754962514390574,0.5615482370731113,0.3673243560098301,-0.1992426550130845,0.4166547352572313,-0.3679383270301296,0.035245933139207784,0.39296912675910656,0.21228773865509953,4
-5.951784577691604e-05,0.007109285399420173,0.40913849161992527,0.4156344499144374,-0.13376999105100548,0.28284142201824225,-0.34791669967288846,0.06681120064127662,0.6049467776380408,-0.2650866945524467,4
-9.225458987031793e-05,0.006790065859283142,0.38393117470882676,0.41545822117636794,-0.1259015111914629,0.2655454625510389,-0.3364448741217255,0.06460824102668758,0.5849999228094953,-0.3658178948701883,4
-0.0001550144085351319,0.006531812473338636,0.38564635558221816,0.4173239209347234,-0.11959788136069181,0.2526840943333599,-0.3379557483525242,0.06489837749174526,0.5876269841095059,-0.367460674633046,4
-0.0002382850399614462,0.0070051290528817915,0.3506612791574127,0.4755451811515683,-0.11722286580405276,0.24632386826781422,-0.3314134076801153,0.06364203758124698,0.5762513648543648,-0.36099405614916524,4
-0.00037912050522857506,0.007478797626726366,0.3324525297919167,0.4867367210153405,-0.09951698917431691,0.2073592448778013,-0.3338879433196614,0.06411722804282338,0.5805540107540911,-0.38315611961807894,4
-0.0006747227829190513,0.008000747356496488,0.27341711038429156,0.5431874457551586,-0.07679709582366749,0.15724013073082715,-0.2918331372221305,0.0665698939127402,0.5503551244695891,-0.4548013073459463,4
-0.002038669326375166,0.009263715138139244,0.2386586600153296,0.6260376932662154,-0.05337399430757247,0.10077259693768333,-0.247682873072566,0.060151354235059976,0.45530133695729635,-0.515333433415844,4
-0.016925064565400015,0.009386260701753158,0.23809744985497072,0.7723568554239585,0.012488990141363253,-0.07203984636434443,-0.1469570165874029,0.05193154084747539,0.20752806725334244,-0.5229710768795728,4
-0.025450529724979853,0.009167600871620205,0.2335629217288455,0.7771366607282807,0.018406988588213692,-0.08652884746839046,-0.14239802934875861,0.04985106609604332,0.18697722303240813,-0.5244337941900542,4
-0.034760866000487,0.009510075899813019,0.23943371750761408,0.8061682365483512,0.0222850136115387,-0.10493889075105493,-0.1248489306573411,0.04852992826957181,0.1728104626252273,-0.48160982433986876,4
-0.04827311190872513,0.01048688524587067,0.24084985458939484,0.8109363399959938,0.022416818916454813,-0.10775021324406783,-0.1035724592295643,0.04314102205037508,0.14942696113047557,-0.4844583184379313,4
-0.07385956553093394,0.010509460837755568,0.24136834295798723,0.8126820793101139,0.022465076615795502,-0.10798217199851941,-0.08920871954963475,0.04060367734049504,0.13429772014920835,-0.4855012337579597,4
-0.08735884682866701,0.012063040538496054,0.2803519212684091,0.7831816364164744,0.025786016437988446,-0.12394482822309835,-0.07058195261774106,0.03431007685270197,0.10925378908109741,-0.5156500022341073,4
-0.12323505679559925,0.013324875934403485,0.35750073342395944,0.7837959526601208,0.03146172088529241,-0.1509562106041625,0.2176746762626888,-0.037398624007641865,-0.2544680824345227,-0.3238647686032115,4
-0.1214695735517668,0.012364181314534015,0.3914759969258652,0.7322969280943339,0.027074396342727382,-0.12727319844913076,0.2433050145780213,-0.054173222096279346,-0.35215403691980035,-0.3036715532631045,4
-0.13174652723119715,0.009592910395072896,0.6669005833287586,-0.14722431123997579,-0.17185249196153932,0.246072284153414,0.31117779636812914,-0.077660217227175,-0.563600038399292,-0.07221457728751195,4
-0.09687276016785039,0.007053633424301164,0.6703316365365011,-0.10825352055465744,-0.1879989726204966,0.28335384557686977,0.22880794409275182,-0.07906603468856999,-0.595627939190949,-0.016219151866727215,4
-0.08523199531775003,0.006206029950540041,0.6670580882876764,-0.09524518080271045,-0.18768794719697457,0.2828247166201754,0.20131312028053033,-0.07565218050191766,-0.6134672224069503,0.025460060258956887,4
-0.048797512395528965,0.005938996432663514,0.6580186189865721,-0.09395448977735417,-0.20134542413674364,0.31587171898727556,0.19858507634756992,-0.07462699907436894,-0.6051539761971393,0.06353771405219412,4
-0.03002551232900112,0.005935974165919452,0.6576837631213288,-0.09390667773821104,-0.20124296245212453,0.3278482031915112,0.16832153165113034,-0.07458902250710393,-0.6048460223604879,0.0988955539466859,4
-0.01261599620088109,0.005938379570243211,0.6495596884786548,-0.06311075028828805,-0.20439699795662084,0.33718531455101264,0.16059781796374198,-0.07366765752844623,-0.5973746287994542,0.17364105068842695,4
-0.0070225135477408945,0.0059996157713157255,0.6468416876039339,-0.033829450557817387,-0.208167405292176,0.3378711328424615,0.1217699975045289,-0.07313596919303182,-0.5930631421489857,0.2253436036261673,4
-0.0038345217851696177,0.00638535481078078,0.6898222252952755,0.004985694621174362,-0.2195631312146985,0.3603219814157757,0.06526677125173537,-0.06337682809726376,-0.49966928988548986,0.29643730409747593,4
-0.001225316312328913,0.006536242453597386,0.7018650604065513,0.08710348059921676,-0.22362203017642163,0.39053081825071145,-0.05315494232060251,-0.043800988213096304,-0.30484897396655175,0.4464845026878032,4
-0.0005489649693224862,0.006722135904746999,0.6431326223239595,0.13657939397300928,-0.2206495012034171,0.42661352724815177,-0.11973580969742666,-0.03401886520738972,-0.20355327042051596,0.5290338742053105,4
-0.0003118754974085201,0.00709607146895209,0.6280426072446321,0.17353700301353756,-0.22427322496956073,0.4527240923535836,-0.1675686053246295,-0.02638364450116853,-0.12601991769512466,0.5246842747516426,4
-0.00013426218063774636,0.007165757230272723,0.6093967247376952,0.22110550391991404,-0.22360220976363485,0.4513695626271774,-0.22705985217437719,-0.015344801918984073,-0.018302530869664085,0.5231144434589577,4
-8.895571205114171e-05,0.007005184450462278,0.5957411510203607,0.25824175256673465,-0.21859165369262787,0.44125511651020893,-0.26940739702737243,-0.01030184951912451,0.038379944808087034,0.5113923131040055,4
-6.668480592031523e-05,0.007329473268805882,0.5927724842286013,0.2609151734943692,-0.21750237895953006,0.43905627661332725,-0.27151563136024603,-0.003393121084367903,0.08703158225438054,0.5088439691212663,4
-6.709631798109059e-05,0.0074647043071442406,0.5825834059292886,0.27408616367919597,-0.21884458654271077,0.44176569370905083,-0.27747793616593214,0.00658558124439191,0.16683906172022625,0.4871450137306076,4
-7.223027203853507e-05,0.008190001214309017,0.5760533181576896,0.29851513965740484,-0.21581437763169734,0.4480298985800939,-0.30109127017918247,0.012243456758685045,0.21303409948916133,0.4419153921810853,4
-8.415504880215567e-05,0.00962893819696875,0.5771051250136342,0.3659039625276791,-0.19512806674172642,0.4084051546399388,-0.3593641301502708,0.03619536999067505,0.3989476756357819,0.19559590519661574,4
-5.893439603249407e-05,0.006743215827806988,0.4040399847726854,0.4154287389255506,-0.13104989224068433,0.27712166678881955,-0.34711809361243695,0.06731236794219063,0.608094195709742,-0.27421134581962453,4
-8.962108181742148e-05,0.006406159743202317,0.3779655292305144,0.45450135566165795,-0.12099119460610006,0.25520045001764396,-0.32664506034035234,0.06961345545362642,0.576257797581153,-0.35636293268642155,4
-0.00015025707377369407,0.006484679673407095,0.3562704677934158,0.46007215254389294,-0.11897729619826063,0.2497367160259349,-0.3306487299907815,0.07046670355898818,0.5833209561441353,-0.36073085258286175,4
-0.00025466241985910355,0.006470423159634339,0.3540645349141999,0.4686849096437234,-0.11522476828850088,0.2436874485521793,-0.3299218015362598,0.07031178310332878,0.5820385299235604,-0.3599377888345944,4
-0.00040176615013377506,0.0064234355201690475,0.34306403083180825,0.4993650906210174,-0.10515356908357017,0.2190829692041743,-0.32752593865683705,0.06980118516666961,0.5778118177095014,-0.3573239525159432,4
-0.0007062608310237529,0.007461410602463191,0.29545478349713666,0.5308186182354822,-0.08323797332792948,0.1705901460145959,-0.31555221756053514,0.0719168135671891,0.5953249170756956,-0.3681542084825651,4
-0.00265149584577438,0.008977323861997118,0.2647119415871421,0.6363973046802878,-0.05653255237842071,0.10464274840029704,-0.2729477879455453,0.066910439929295,0.49825361796832557,-0.4281051967248505,4
-0.012740688631071024,0.011057912635167992,0.22691533952192924,0.7870201042799974,0.001733051843414148,-0.04488492393777797,-0.18929825882569662,0.05767925731877989,0.2792592452320241,-0.4576387378248506,4
-0.03741471617276995,0.009430386670933596,0.028434061244967637,0.9246800058057277,0.10612540806534292,-0.2818828432478709,-0.012743859049669768,0.022367138595780708,-0.20924487650006116,-0.08531151740745022,4
-0.0820742226846212,0.008840278579742492,-0.07585135267976256,0.8683055956540475,0.11900716216540248,-0.294385598172911,0.05905897457011372,0.005472627797207013,-0.3390233135614145,0.11826306215940781,4
-0.11235160760899264,0.008531830174716835,-0.07607016223008958,0.865708201802699,0.11865117174817845,-0.29350499191349383,0.058882309329001445,0.003633105530903603,-0.33800918089370446,0.1179092975953742,4
-0.11913508344432894,0.008525052797262683,-0.07600973484324827,0.8650205145036527,0.11855691954673427,-0.293271842158501,0.058835535351141756,0.0032828820482460517,-0.33774067861986945,0.11781563471193732,4
-0.13778441991347465,0.0077712063940672425,-0.07582523388070925,0.8629208213805144,0.11826914238480699,-0.2925599736422455,0.0586927218953894,0.0032749133992427022,-0.3369208694148714,0.11752965689539412,4
-0.17841925799915573,0.006000294770494347,-0.08792373672339585,0.8064837127361771,0.13713989928343787,-0.33924018142552176,0.06805759987009537,0.003797451175158095,-0.39067920140747875,0.1362824231616471,4
-0.2858407679189316,0.0057266892943876255,-0.0925815034642215,0.7859143040863776,0.13498293669008665,-0.33174699700148785,0.06334517402651652,0.003998621444333587,-0.37567709403349425,0.13540695749301596,2
-0.9434173321449834,0.0010409349589787533,-0.14558667961710892,0.2509243284115183,0.05112067638947082,-0.11214377292109551,-0.0020954540160941105,0.006287930065331764,-0.08432902902277353,0.055284286646762576,2
-0.9843254380397701,-0.001688299685801602,-0.0782481719498756,-0.11375871246290449,-0.010827527001566792,0.041408685132851744,-0.03352986352983429,0.005711376426830676,0.09372208317340897,-0.006897041276912725,2
-0.9173304908269277,-0.00340115906275289,-0.04257138146907048,-0.311947929434842,-0.034620402788209596,0.11579448656677147,-0.05692974945337505,0.006964568821028897,0.2001110975142535,-0.036193288366521935,2
-0.9077395418099217,-0.003690578948945376,-0.03027310323506345,-0.3125409942856144,-0.04171358371395992,0.12168927492766923,-0.061749882009987433,0.00822236228141313,0.23557789355483,-0.03679375387678072,2
-0.8728995218183779,-0.003621274560754251,-0.021428022114061057,-0.3939798639401477,-0.04465088989334654,0.1476086351632286,-0.07269002435996497,0.008541382976432052,0.22653616060943996,-0.04223497892303931,2
-0.872433347142008,-0.003619340607928971,-0.019736782839286558,-0.3937694577811594,-0.044627043948165704,0.1475298043172874,-0.07560006882902617,0.00919648830119542,0.22641517827559907,-0.04969816504985572,2
-0.8679354483600829,-0.0036006808125817326,0.0324233065063095,-0.39173934835180846,-0.04439696571093081,0.14676920280049513,-0.11347965148600919,0.032932050329416956,0.22524787700506496,-0.06197509965723684,2
-0.858247841267122,-0.003602271482110314,0.05224030440247815,-0.39191240669188465,-0.04441657891859729,0.14683404089939386,-0.14254569112327584,0.03377609221455822,0.22534738455738054,-0.10576614741661629,2
-0.7809355684849179,-0.0051710048971736035,0.09413975213034131,-0.4398499702848722,-0.04800074634885246,0.16054757688088253,-0.22137596096856968,0.05154849416920199,0.2693612872943375,-0.18793246767925692,2
-0.45169018858710985,-0.0034745293781500005,0.16683813435782688,-0.6704195467102906,-0.0653772446823012,0.08450272105569537,-0.4099006490220159,0.09281719357561055,0.1295773866259775,-0.33701071455814463,2
-0.06732005535603691,-0.001599353234895846,0.164085405275796,-0.38284266550697804,0.002329814738413307,-0.3902593346416083,-0.7130552257355106,0.22728532548222932,-0.26054700279814563,-0.2037692695172939,2
-0.050079132544408995,-0.0013351368830698028,0.16099117027816862,-0.2630281873604301,0.005029900595063229,-0.3423449047728255,-0.7872269731020548,0.26206347065846114,-0.2590502135695893,-0.17182585259788802,2
-0.01759121412335842,-0.0006777935999004395,0.16293533764060794,-0.23679199936957257,0.013926535843768361,-0.3473179944687245,-0.8021423366737854,0.26160855413232337,-0.26616338153529756,-0.11580511231391982,2
-0.012362011650866303,-0.0005683964460324669,0.16692199216705117,-0.2162038310636457,0.018837315155618116,-0.35184796326062834,-0.8103732759111911,0.24817095306960332,-0.2678959684224111,-0.10444866736447658,2
-0.003801973908903668,-0.00010309899469262785,0.16299110890709673,-0.2145638492977146,0.020176842492942375,-0.36922429849395194,-0.8015073637454946,0.24190513427401933,-0.28222488714983796,-0.09976849537521401,2
-0.000990916402717606,0.00029148493123780616,0.1983742497875348,-0.19723654283393072,0.043074738841469506,-0.4774304788902057,-0.7531533592797048,0.22210934818889383,-0.27027870600408926,-0.04713407235463251,2
-0.0008641055340009817,0.00036764862612471516,0.19925597580959864,-0.19435930256521813,0.04856110654889989,-0.47955254300596045,-0.7543257689635033,0.21402376519249813,-0.2714800301101605,-0.039649828824098204,2
-0.0003241807404841111,0.0006191116619038123,0.1997327322308624,-0.19278435900949173,0.04867729789160264,-0.4806999603081644,-0.7561306315409838,0.2081304245701419,-0.2721295958111339,0.01694916373539184,2
-0.00028157787520200714,0.00072464155406377,0.2003813676151557,-0.1816688671532503,0.04883537822962047,-0.48226104145896875,-0.7585861783974631,0.20037243658544257,-0.2730133412192351,0.040481851190238886,2
-0.00018874332370382368,0.000772867549953413,0.20034020997512636,-0.18163155299611175,0.0488253476117951,-0.4821619867086156,-0.7584303674194599,0.20033128077981582,-0.2729572652229743,0.04526375594201407,2
-9.965232950831113e-05,0.0011678906063573762,0.263412618137508,-0.17468546767277246,0.06537088512632011,-0.5753511890028409,-0.677054912884752,0.24235114927743473,-0.196337570718313,0.09470039439363166,2
-1.1822133787791195e-05,0.0017361238115489324,0.38771156407147017,-0.14576469093031705,0.09583243708475593,-0.714610464456856,0.04791893615182355,0.35449140627545545,0.24389086455296102,0.34774220989753407,2
-9.505805876244845e-06,0.0018994362727589688,0.31174667197936085,-0.10632894623884842,0.07705584794818489,-0.5495713281751151,0.0822510148857065,0.2826182099150448,0.3861545429684879,0.5895898049464677,2
-9.015102537631842e-06,0.001823476234859319,0.29565386146615097,-0.10084009346930113,0.0730781145145239,-0.5212016676694827,0.08684460250966682,0.2680290524081878,0.37365371714445916,0.6373904909795749,2
-9.052374026260944e-06,0.0018749705814055944,0.2924183512411436,-0.1004401545139979,0.0716445909717267,-0.5165715194094008,0.11693142914007179,0.2611137696608478,0.375198528222496,0.6400256792470046,2
-9.095932848824655e-06,0.0019370868892525422,0.29382542954338065,-0.0965734752815301,0.06922537374074084,-0.510520647490641,0.11915118065756072,0.2623702144706406,0.37700393375143204,0.6431053978840895,2
-1.8866560472824048e-05,0.002141122542954091,0.30133050468788225,-0.09764859489638636,0.06958278349662687,-0.50663061403304,0.2863981850580083,0.26779891376171755,0.38663360691135656,0.5785780972197488,2
-3.5132406010679804e-05,0.003156114317103592,0.41232322382320996,-0.11669909431610061,0.09494167279530774,-0.5336168090825171,0.3979221794431852,0.22520154352848126,0.4161166098804479,0.3743842639939946,2
-0.00011685148529324053,0.0033646904363607713,0.47054464866138795,-0.11721702185630557,0.09578896929402722,-0.5306557051854415,0.43852829546560845,0.20070391844310898,0.3884736849420816,0.3005610187718376,2
-0.00018369386759742383,0.0040760386912471495,0.5355240190032546,-0.1169911132379831,0.10189174186543597,-0.5312805629510314,0.49353950315056994,0.16650335857592605,0.32991686320019376,0.16275886362702743,2
-0.00053230903370861,0.003976210473780708,0.513527353295608,-0.11116112438723094,0.102300575717336,-0.5003313708272916,0.5556207416752749,0.13980067513281902,0.3106979022667679,-0.19522324073569047,2
-0.0007968667232760411,0.004038201957920596,0.5279377631420333,-0.10872189059500027,0.1205384781173732,-0.4836162859431356,0.5624672999879139,0.1286260707124724,0.28425456830477347,-0.21703043141735465,2
-0.0007959622897245065,0.003946353574283359,0.49522419587218763,-0.0972798777681834,0.1195008199363085,-0.4641765066149511,0.549674053664173,0.03702913625994244,0.263347821509856,-0.3774388630434365,2
-0.000794760121090515,0.003940393263667029,0.4944762421025722,-0.09713295269487132,0.12580864527243854,-0.46040728666116215,0.5488438624418442,0.009098253382109053,0.25308162542140117,-0.3907287909695931,2
-0.0007833240519277634,0.003883693627266167,0.48736105809426616,-0.09573527415574602,0.1868145364025698,-0.4423923181481179,0.5409463645630825,-0.1469687644988461,0.24485283399208757,-0.38510646373043145,2
-0.0008024633772497106,0.003978585741966451,0.49926898025899347,-0.09748137238880766,0.19529925069685303,-0.39036988157420943,0.5541635617468251,-0.17081919407110707,0.2419746261117744,-0.39451595125322886,2
-0.0008516882740904727,0.003975131663192797,0.4835962895708117,-0.09558524431397265,0.3817670953906614,-0.3230375063155429,0.4597354680530182,-0.24303601528309554,0.24680504220154756,-0.41871644133544755,2
-0.0006765044480327575,0.003961387703220972,0.48722172780448664,-0.09630183045572858,0.40073336168981194,-0.3167167372582664,0.44653953564671256,-0.24485801450221553,0.2342830031583079,-0.42185548650230165,2
-0.00012118203327574923,0.004788831104998249,0.5902670974382915,-0.11666926718815746,0.5132035366204737,-0.19186652518274772,0.22988685926182875,-0.29664446648554194,0.273483676207652,-0.34906769305944535,2
-8.582063306584436e-05,0.0042980053241437385,0.571928317709628,-0.11367988625800322,0.5905765386595663,-0.17158527397371962,0.1784036042028635,-0.2890436360996143,0.24969278905824022,-0.3221004291339696,2
-2.3619620242721734e-05,0.004294255391473924,0.5714293204954263,-0.11358070259320292,0.748623477609572,0.02347662298514861,0.041485560538988275,-0.2887914507037695,0.07536444761536516,-0.09216900489474472,2
-1.4551203902412173e-06,0.0012622062972298188,0.16795966261883732,-0.03364120089900731,0.9293888190491858,0.28436117172098047,-0.04733814878954165,0.14902244516100738,-0.03247296765255158,0.021224141853467705,2
-9.867969583231577e-07,0.0009583710838116344,0.13815133790676934,-0.03511469164354221,0.9389483890604589,0.2802169347628123,-0.04393265658827854,0.12851406550154557,-0.02721411738482517,0.01699984647382118,2
-9.86349245985045e-07,0.0009579362683664773,0.13808865828662464,-0.038179791081494004,0.9385223857422609,0.2800897996130905,-0.04890260892643831,0.12845575833687428,-0.030954766067412046,0.016992133599406482,2
-9.84339487054264e-07,0.000955984402961495,0.1447600205114735,-0.040141712141548595,0.9366100775470032,0.27951909610367487,-0.05923267321593667,0.12819402030789656,-0.042121051608637966,0.01695751088093892,2
-9.831184229269872e-07,0.0009547985130565949,0.1495869039449193,-0.042328345177813066,0.9354482213155103,0.2791723552224751,-0.06338086633312852,0.12803499679864186,-0.04554960895036438,0.016936475243847306,2
-1.2818279664122655e-06,0.0011763926842729493,0.19503721262261708,-0.0609543724964166,0.9166483117768074,0.28046301251996963,-0.1064901836654472,0.14697957407475543,-0.0763707278784299,0.022082433930367688,2
-2.2731798692747488e-05,0.0030327845714643747,0.5417740123772211,-0.1751820331981767,0.10399863291308933,-0.5801357455148387,-0.5253156300560615,-0.06369838920315729,-0.21948842779662017,9.754823471795623e-05,2
-3.2967376838670875e-05,0.0029137658308758677,0.5205126075140382,-0.18087754026811978,0.09000279038530336,-0.5965068052704546,-0.5329119703747566,-0.06119860661661647,-0.21087481359668656,9.372004719946155e-05,2
-3.2700169620611273e-05,0.00289014917294292,0.5045622817530813,-0.17941149143502563,0.08927329967228283,-0.6149755238172082,-0.5285926117017465,-0.06070257960472608,-0.20916563083168377,9.296042737252985e-05,2
-2.9373099988810544e-05,0.0025960917519498652,0.4532257332137536,-0.1611573193106918,0.08019021271229702,-0.7085699310335175,-0.4748111039483859,-0.05452641258424826,-0.17747854848976005,8.350219463371815e-05,2
-2.8882842405446786e-05,0.0025527611648144804,0.4443174885497266,-0.15846749093245663,0.07885178197435201,-0.7209347102952154,-0.4668861745243656,-0.053616328620579724,-0.1745163073809005,8.21084846009912e-05,2
-2.865612021543629e-05,0.002555463970112213,0.442162764592438,-0.1591465376498133,0.08685077786809141,-0.7201693951111763,-0.46322124935918085,0.05828807820707017,-0.15766505344735687,0.09978475789819537,2
-1.0954725926305323e-05,0.001963832383114201,0.30754133069853495,-0.11069258174645749,0.06788968143118639,-0.5265631478176487,0.07332842189686091,0.2558494699785711,0.36700298382018315,0.6368897301735902,2
-1.0352053416564173e-05,0.0019272324317777495,0.29062199315708626,-0.10460284691423567,0.0697144850668923,-0.4975943597377544,0.09736537775331489,0.26722304933828817,0.403731226117288,0.6388465870419892,2
-9.681111308046174e-06,0.0018455832249653701,0.27640979134450155,-0.09782327847100054,0.06796255708924467,-0.49894567857689626,0.1635547019151742,0.25817787804652625,0.39536717561294427,0.6408000653426692,2
-8.713035585993012e-06,0.0021114422924213157,0.3062174918020574,-0.09405262940542325,0.07304158227667357,-0.5043679117462281,0.20698799483012928,0.25555569658640753,0.4436158652275086,0.5767224025403898,2
-8.642627804034786e-06,0.00217201233100651,0.3108806880164021,-0.09329261448772679,0.07245135218429484,-0.5002922453947625,0.23208288244386588,0.2534906172480006,0.44003112041568215,0.5720620583047062,2
-1.3424549688467169e-05,0.002214530430424544,0.3126631813016243,-0.09263434394899178,0.07259832010938039,-0.49676219483599854,0.254166457654135,0.2517019932921133,0.43692627096659414,0.5680256015993403,2
-2.4124380955052085e-05,0.002418151626727955,0.3155368830438425,-0.09348575048329251,0.07326557462304562,-0.5013279591157114,0.3004870595811126,0.25401539793935113,0.4409420805060178,0.5344585631433657,2
-3.447968774517035e-05,0.0024667869315086284,0.32188314864057277,-0.09536599153896079,0.07473913546693056,-0.5114109654157165,0.30653063417082954,0.2591243068105789,0.44981057007424746,0.5065807322244159,2
-0.00018961436756176166,0.0033144589826162836,0.43249316742248484,-0.12123361372624857,0.10042204932139953,-0.5935650416212833,0.41186500580867785,0.21759425263238533,0.42792671581742037,0.18867123036557298,2
-0.0003457495809720699,0.0035139979987754235,0.4532081327727249,-0.11334864802165812,0.10036622859318788,-0.5699352533784398,0.4469950997563415,0.22253261252274312,0.43917721615152644,0.0670441466760513,2
-0.0005202134339615683,0.003985083522381036,0.5064313883363295,-0.11386246663959726,0.10698151496459729,-0.5439238649381544,0.5069191295057156,0.16819644774363285,0.3648891464969085,-0.06842567496687742,2
-0.0011498283238101825,0.004731296779415327,0.5300908052025756,-0.09849291251645559,0.11747368444886981,-0.46620685895034764,0.5879256873465039,0.09810289466614242,0.2871988457335392,-0.20041980847145768,2
-0.00515941665304937,0.005310414924283269,0.5297549694316468,-0.07194795293519887,0.1216460958657902,-0.48390288935807846,0.5925654989579073,-0.0035458422121190324,0.2537064436070194,-0.22234045515903703,2
-0.013113971167765139,0.005785853049471098,0.5307054038836934,-0.07034304526884312,0.12896659583074643,-0.45383114570393807,0.6073680580548255,-0.024556121266059973,0.2493616051212752,-0.24224645698025787,2
-0.016787121206644322,0.005437230372568843,0.5459001169116361,-0.07235704847768534,0.12035220408359373,-0.43731313240789754,0.6147313874821391,-0.026330888221007095,0.2231423350311447,-0.24918225482387205,2
-0.09263410502925039,0.00748715126171644,0.7517129989059257,-0.09963678742341538,0.08790995022503112,-0.2972713220184878,0.43889890283931243,-0.05439644305218013,0.0812235669842162,-0.3431278621215491,2
-0.14190559836589167,0.008273217009635835,0.7919117409266939,-0.10496498251814095,0.018795075952129044,-0.11494943939860718,0.4337885031164988,-0.05931206173186978,-0.2088881199082055,-0.30397988299918827,2
-0.13650193790359122,0.008750052999173316,0.7733421503493149,-0.10096799344589256,0.0042039560618102306,-0.11027889585793464,0.4142585993380106,-0.06643494445761232,-0.36381870410438427,-0.22831389204138947,4
-0.11767917193033314,0.00801247553878903,0.6667030905906011,-0.08986429914409808,-0.1633855139147429,0.22540758533311708,0.3221058550657609,-0.07930616524834744,-0.5834615687207096,-0.07245622212699075,4
-0.0923724062438189,0.006544613979741778,0.6650423093603214,-0.07145976722800426,-0.18137074336398717,0.2681808879927231,0.24585724409832965,-0.07992100541592591,-0.6099607153675936,-0.010122903460705563,4
-0.07881924517856737,0.006023183819703274,0.6852779770749697,-0.06097497231673894,-0.19285413794737086,0.2894380749747002,0.18354502486610236,-0.07411393373770386,-0.5995137981703209,0.025754059259585904,4
-0.04987613077095691,0.005962821568119972,0.6775785219886037,-0.060289886736214326,-0.20472996905608506,0.31521108554939603,0.18148280088903168,-0.0732812250805206,-0.5927779483150963,0.05973887944603385,4
-0.02944195580807639,0.005935310714926392,0.6744523571298037,-0.06001172543218916,-0.20378540010350377,0.3219426373936434,0.18064548811094833,-0.07294312523936242,-0.590043030470216,0.09557881583276642,4
-0.012028578057744568,0.005981335129319686,0.6701627806314742,-0.059630045563601235,-0.20432741573100144,0.3234835756807285,0.15274820860958405,-0.07247920052706246,-0.5862903047368829,0.16804336908267092,4
-0.0067245630291028445,0.005904413901469604,0.6607150879608941,-0.030098030208487576,-0.20204431529561645,0.3412157379345313,0.11544679726681649,-0.07145741711655464,-0.5780250134151603,0.22908738380883403,4
-0.003891833421216452,0.006166812598834432,0.6878453881449508,0.007742523441869971,-0.21296919855832383,0.3601598321639587,0.06227956875964052,-0.06363499533016637,-0.500176558959592,0.3055823358135962,4
-0.0013784369438592844,0.006458894664330003,0.7040294076801324,0.08286936213556677,-0.22088687262840492,0.3894337508709391,-0.046842055216845896,-0.04494881972458891,-0.3159831527641856,0.4389966600265717,4
-0.0005787137316895915,0.006671550740599444,0.6515585317332416,0.13407061903936757,-0.2190740066430537,0.4229858673318257,-0.11663031755103993,-0.03417474848293405,-0.2060265810575965,0.5226175784695726,4
-0.0003013498063859859,0.007195922127716382,0.6337563723506742,0.1791613038533301,-0.22698950600746498,0.4590152855673346,-0.17420728077047354,-0.02565821298601945,-0.11776850409590832,0.5088393916745281,4
-0.0001499800172824819,0.007417021390721183,0.6163262739623661,0.22494687168308022,-0.22571412966578228,0.45643623578666304,-0.23026133828030068,-0.016626688538029573,-0.026525087860416848,0.5059803972951291,4
-9.209928758460556e-05,0.007341097910954989,0.5949817174547589,0.2590275321011654,-0.22340363313976946,0.4517639791641246,-0.2692390114134437,-0.010478022191089537,0.03549883338913073,0.5008009876059261,4
-6.898445644270476e-05,0.0075928578384593225,0.5922296566751438,0.25954279864871843,-0.22237028983063792,0.4496743654966341,-0.2705183022069653,-0.002945913313945218,0.09125254009428031,0.4984845554938964,4
-6.779495780317933e-05,0.007502639717540694,0.5820178436490199,0.2775138034802014,-0.2185359600284729,0.4419206326476704,-0.27979081610469286,0.006703586186099197,0.16749145798347312,0.4843238195434637,4
-7.19802854229991e-05,0.008004373583474288,0.5773758107074595,0.30265256012635067,-0.2159336589124542,0.44852045226492643,-0.304011639917331,0.014140485483314601,0.22867305162460247,0.42669486149305363,4
-8.477216281739075e-05,0.009505952085470266,0.5640147806231577,0.365984512263715,-0.20021879404997783,0.418744278901102,-0.3614873636911242,0.03473337454738267,0.3895903003539258,0.22029464419274908,4
-5.9870682024759464e-05,0.006713617014558871,0.3956385996673418,0.4175889315365902,-0.13020376692373348,0.27534809989631276,-0.34872075686363413,0.06767658013742635,0.6111975957186689,-0.27634221733396364,4
-8.833659287895164e-05,0.006461647093872994,0.38010133456770767,0.43109549523252655,-0.12107822915921257,0.2553579872576188,-0.33563285785809005,0.06513659870974892,0.5882586331024419,-0.3559140104951944,4
-0.0001519498845480258,0.0064976852500922,0.37371863348701084,0.4334998182444281,-0.11826890307286204,0.24903053768665975,-0.3375047628365061,0.06549988114931692,0.591539492643215,-0.3578990283280303,4
-0.00025051228480975265,0.0066776801672487375,0.35011857052872886,0.46645255736180474,-0.11669260969156124,0.24604535621320775,-0.3344550695128508,0.0649080241676184,0.5861943412852582,-0.35466505240407137,4
-0.0003991643893244369,0.007090672794997124,0.333531888130643,0.48938999533661875,-0.09967978534338676,0.20760670149058721,-0.3330221333992307,0.06462993284722376,0.5836828558338615,-0.3744950971763265,4
-0.000844654687918715,0.007745389417837887,0.28115879342045635,0.5293601500386075,-0.07763171210984413,0.15811189661518535,-0.29936865848118716,0.06865822695264505,0.5635799224672307,-0.44443053334540955,4
-0.0021790663749163336,0.00885044833707624,0.24571116349988512,0.6171452816035735,-0.05571584554344476,0.10575163785480066,-0.2545847836274051,0.06160229951768305,0.4689000211253636,-0.505697377977499,4
-0.01806219065173495,0.010244665687460313,0.2554207125906252,0.7338756335361114,0.009507670101869876,-0.06424878593244693,-0.14671001981059184,0.05314317987953316,0.21274191176396764,-0.5672093200454603,4
-0.02852496106342598,0.009553541904937282,0.25479469719966535,0.7346605420236083,0.017210108940716107,-0.09310715611847722,-0.13965141146645574,0.04966221546729563,0.2060789847565085,-0.5664292572355037,4
-0.0446026744965922,0.009985674119638273,0.2660978764701297,0.7678912003738924,0.017988568130595572,-0.0973186414480381,-0.1333036032215971,0.04947128129140967,0.19466218827832868,-0.5189678039851037,4
-0.07081113594843494,0.010267649716060598,0.2681803934497563,0.7895749221355561,0.01849652955279268,-0.10006672651836433,-0.11168642452135583,0.04744267346659947,0.16698191896148815,-0.4963353319441081,4
-0.11711365977782273,0.010312861458826419,0.26936127742016697,0.793051672829349,0.018577975683049072,-0.10050735229192274,-0.08311074231185851,0.04048140045869592,0.1302127003826121,-0.4985208550164763,4
-0.17499994554239412,0.010538050178467456,0.28081757335852664,0.7864951443923264,0.018983639094148963,-0.1027020023478253,-0.041833108250999396,0.027308703148673008,0.07381981568796818,-0.5027451009964565,4
-0.2795222341964668,0.01138005887053345,0.44891558171521995,0.7302761984878338,0.02927714296716923,-0.12896941525910405,0.08084274948833792,-0.004065575032780057,-0.08366715059721316,-0.3943442625885424,4
-0.3971681777769618,0.016160782375913854,0.6401072392785156,0.4771947722221029,-0.009274824496552809,-0.061837914331551926,0.22125139932718432,-0.04613719609436984,-0.31380857660698896,-0.22487097561025177,4
-0.2516992887221241,0.010241649902512672,0.6591578941799381,-0.14302827516285005,-0.17125029120414695,0.24652496999168494,0.2568397025523766,-0.07677085200431176,-0.5613865095123984,-0.06446963927130558,4
-0.15707171314868176,0.006391251655195059,0.6770300677913057,-0.0892560973159206,-0.18289875481446274,0.2685422547597933,0.17993321203254653,-0.07982316732137384,-0.6033159645776492,-0.021084914271267827,4
-0.10047766503765876,0.0057295732796541765,0.684723346730825,-0.08001552400331885,-0.19071865957428857,0.28533334221051704,0.1613049492341675,-0.0737785018015826,-0.6040899881747023,0.01630452249906623,4
-0.05425180348988946,0.005706742124917865,0.6819948669788878,-0.07969667882573572,-0.19485396279508338,0.3023136777219904,0.1606621826482551,-0.0734845098568724,-0.6016828155422046,0.052717674706032266,4
-0.02948439863082638,0.005711979993333973,0.6787254220058098,-0.07931461743704511,-0.1981807504287366,0.30988754042558236,0.15989197719531678,-0.07313222925626474,-0.5987983820194479,0.08473734956582615,4
-0.0120255408087907,0.005785950111951766,0.6716140194996367,-0.06229097022898069,-0.20016032699917347,0.31717166278625725,0.15821669560061322,-0.07236598019360539,-0.5925244217749633,0.1506061545098344,4
-0.007002018267949007,0.005839577109921916,0.6658018634916486,-0.03440803311738796,-0.19953659701154502,0.3258874920627765,0.1232337358565383,-0.07173972410849633,-0.5873967081211229,0.20947376291991743,4
-0.003907421288340782,0.006581791777000487,0.694101050142285,0.007322348933045879,-0.2203289127323955,0.3630578534522307,0.061973966135430034,-0.06240289323745193,-0.4917340924117196,0.29669474038539967,4
-0.0013096192426413557,0.006454098562120056,0.6552419667366418,0.09811339062030322,-0.211237215710394,0.4116381548828286,-0.06281580608710285,-0.04641874737328287,-0.320367917285074,0.48785772064539756,4
-0.0007714049668633976,0.0067534117010632925,0.6439710498690887,0.12697167555875088,-0.22504404575231474,0.42042039407692666,-0.10366700975209502,-0.03907105232128974,-0.24818382537292996,0.5173860165545051,4
-0.00027732566023482946,0.007050305113724849,0.6383603569457416,0.1623507651114396,-0.22950193881003,0.44500522029653905,-0.15785033117765446,-0.02322689315360023,-0.10654165568138463,0.5276349059381228,4
-0.00013536391870147739,0.006977747036235489,0.6185686533322421,0.21878016609721837,-0.22714002408555667,0.44042545775624997,-0.2245798147451257,-0.015242940673295341,-0.018601493528574764,0.5222047616005931,4
-8.782166244879963e-05,0.006854537286988187,0.6076462612945932,0.25298838614583863,-0.22312929321980918,0.43264863381429863,-0.2549634708485803,-0.010045291477975843,0.036164508934225334,0.5129839174802152,4
-6.863587483678646e-05,0.007443157332505901,0.5846419004661181,0.2572823025740758,-0.21963787562794346,0.4393502321839138,-0.26677696658470434,-0.0031139602387436917,0.08915029119787311,0.5209298854466824,4
-7.071683099601166e-05,0.007702407667767297,0.5846751972002254,0.26900653596646007,-0.21373842703781284,0.4230071778078261,-0.2753107384354158,0.006261597088346886,0.16781829505903043,0.5068814219973963,4
-7.679108360609782e-05,0.008524041319361417,0.5742422526063387,0.30510545927671967,-0.2152045937709118,0.4466399981315669,-0.30019288285202517,0.011652077391621643,0.20776356605195326,0.44459587617010204,4
-8.747770296824133e-05,0.009721833417544862,0.5969036732520497,0.3522208919711722,-0.19498709885158705,0.41236355235928396,-0.364213870381665,0.034762452610350714,0.3812923625245111,0.17892871749013461,4
-6.036069910795814e-05,0.006708185535086134,0.3967121707531021,0.41814759744688185,-0.12693185234162935,0.26682351891790085,-0.3488024837775765,0.06792668486053592,0.6128833468854675,-0.2799276951335124,4
-9.336931084511962e-05,0.006594862632105591,0.3793639982651022,0.4110837350403971,-0.12432834402894549,0.26122023259711574,-0.34291008413809765,0.06677918393379813,0.6025297692012749,-0.34367425987839184,4
-0.00014734201280309887,0.006668620843726205,0.36174393616909156,0.41568137456897375,-0.12043003112655597,0.2547087474501126,-0.34674525644776333,0.06752605516603005,0.6092685779837526,-0.34751797887645913,4
-0.0002452072335548822,0.006646445901286111,0.34449736120539987,0.4389596213712239,-0.11835256907620348,0.2485037396984643,-0.34559223601321,0.06730151302731752,0.6072425975053365,-0.34636238893379007,4
-0.00036218451232129665,0.006537962341920126,0.33572158883760733,0.4898684854990723,-0.10075060422444608,0.21008447358294313,-0.3399514655309425,0.06620301500410983,0.5973311592187062,-0.3407090479843403,4
-0.0006485084009570362,0.00626567729609319,0.2801766408924924,0.5664416235327786,-0.07909978382151708,0.16221670468222735,-0.29938280819559276,0.06819111004817946,0.5649777514173524,-0.39290822741120385,4
-0.002451601819198295,0.0072742695751350245,0.24556573754159694,0.6985626987074329,-0.05179476320348266,0.09536353585028304,-0.25325781885890325,0.0622396292185585,0.4612585838427113,-0.3986048378969822,4
-0.00925467178424283,0.008360055331491693,0.20423384518115853,0.8298867207525891,-0.002854930204184642,-0.02827256436528226,-0.179794639860736,0.053107731838262055,0.2701726890111464,-0.4002857556784384,4
-0.03054028908091321,0.00890666627828781,0.043153478046345985,0.9223125382018257,0.10644732894914626,-0.28595385414648494,-0.024006738224106847,0.026104109060170237,-0.19602346120257874,-0.11584769405746806,4
-0.03944571816613196,0.007848604011769234,-0.05224610162691872,0.858057350528936,0.12654981523234687,-0.32070893662390687,0.05495599887219197,0.004912998388627445,-0.3601580008951185,0.08679379049689961,4
-0.07726172113394615,0.006877910669090768,-0.07329981023211692,0.8296064558377536,0.13653676975621445,-0.3407879974738883,0.07150795113123803,0.0009388083462139049,-0.38134036875160454,0.12182004798779265,4
-0.4858691401785262,0.005937684747407655,-0.06327956063155035,0.7161973797240292,0.11787188497302166,-0.2942015085764123,0.1403168688308595,-0.030600153230686974,-0.3385824448185608,0.10516697230689771,4
-0.48272500002981794,0.0055215072822627255,-0.06287006805274369,0.7115627471660474,0.11710911636867806,-0.292297681602372,0.15813348465872007,-0.04363287889694487,-0.34570491159548333,0.10448641930897175,4
-0.4724411908739065,0.005269439754115179,-0.061530705514168636,0.6964038565060243,0.11461426359934042,-0.28607067124631325,0.1607876394400494,-0.047682583689145325,-0.3927780293916143,0.10226047618298567,4
-0.4462931303171374,0.004977793656246407,-0.058125184054642426,0.6578602016265598,0.10827074240949368,-0.27023760380901474,0.19414762999565555,-0.05048013205522538,-0.47973786812319397,0.09660069635123426,4
-0.5119266364762788,0.005608691536477564,0.4619185825166104,-0.10130268899343002,-0.14278610530131178,0.22903009080662778,0.22269969321035846,-0.05939053196479921,-0.6206603118845371,0.05379029633371983,4
-0.4960158901576709,0.0053072306534811655,0.5268178186100547,-0.10062524291624778,-0.1633572365302929,0.24184737543164636,0.20293366740532906,-0.06525250186647064,-0.5780798937638162,0.03599777671432724,5
-0.17762785478163978,0.0059492836150719635,0.6160341849090272,-0.1176660836277956,-0.1910217128198888,0.2828041222855825,0.20998167401355045,-0.06898386775619109,-0.6391780485506203,0.03131403698583288,5
-0.10290229126493482,0.006242951633611772,0.6514757614197679,-0.12443562922733012,-0.20201154230657323,0.29907436212465494,0.22206230484169787,-0.07295263618979501,-0.6032556541182843,0.0206730764323538,5
-0.03309223938240514,0.005240166515124447,0.6504938626659945,-0.12424808090013366,-0.20170707221975623,0.29862359977731023,0.2467383302703189,-0.07284268259397261,-0.6023464323021195,-0.0345610558550538,5
-0.019867355215007043,0.005251271455199997,0.6518723866773154,-0.10024901955277005,-0.20213452904643336,0.29925644172443167,0.25110550447537117,-0.07299705051774251,-0.603622922470157,-0.03463429750741548,5
-0.008218925059576034,0.005785130453353406,0.6835990437451446,-0.09284082641141823,-0.13756065764537673,0.17116837586249709,0.25349335526443617,-0.05198131669138182,-0.6357683433909034,-0.06611083259943418,5
-0.004318638708441664,0.005695361698014483,0.6729915326781628,-0.09140020108779066,-0.12865833843677218,0.10318336546853571,0.24955986004384262,-0.04494354272005177,-0.6159987301018818,-0.25982500648469165,5
-0.002820623492272904,0.005574195744257067,0.6586739765243469,-0.08945570780964072,-0.11527687427898589,0.05765305830563758,0.24999046137580835,-0.03691014020496285,-0.587133071377193,-0.3642832779580533,5
-0.0011748518499806336,0.004862685751860055,0.6012770105407924,-0.08166052172186161,-0.09164600809432707,-0.022613156014879485,0.29540473752384633,-0.017319766762115246,-0.49169720553966073,-0.5416095014586503,5
-0.0008111282246065124,0.003786194202326921,0.47114412296396435,-0.08463325790978427,-0.07430818772359091,-0.05795608011430231,0.3479036465305096,-0.011293646956360053,-0.43424481688881084,-0.6723559419409783,5
-0.0005142507944389332,0.0035453193133639805,0.4411702805670952,-0.08054101648804111,-0.06889890792141323,-0.08395079691276704,0.3497798410987497,-0.004275429646745903,-0.40661848119093763,-0.70655007442841,5
-0.00035247793722487645,0.0035541297334526606,0.44226662624399526,-0.08074116776551678,-0.061484624756086556,-0.11578500979435441,0.350649073759124,0.0024908986561208257,-0.3947970247295989,-0.7083059114685145,5
-0.00024003351689259802,0.0035134671831680126,0.4392247663070383,-0.08208935797556784,-0.04951806531615037,-0.132290357652168,0.352838555867199,0.008034505634391296,-0.387735980433863,-0.710859469765825,5
-0.00014297499099581075,0.003971441146297792,0.49391352252064197,-0.08242038633176704,-0.03309581884515925,-0.14749913103782508,0.3569490121407612,0.014458371666467048,-0.30925381765753124,-0.7092062150235171,5
-9.80105202757639e-05,0.003948563659951547,0.4910683337210484,-0.08536772138919364,-0.0219081032067365,-0.17699282508542563,0.36733764036615585,0.02170254995850457,-0.26569565657947214,-0.7166483246807859,5
-7.671005820045828e-05,0.0038393936859011705,0.48496442347403235,-0.08430661263187778,-0.009789494875557846,-0.18171898841980208,0.3674434448903206,0.025282105132301252,-0.1958303429972632,-0.7418981034611665,5
-8.050681611644747e-05,0.0035835023032579297,0.4479799809286937,-0.08847936137421161,0.007796483429236885,-0.26037193393013147,0.38563002746884,0.041147728749180455,-0.1461035255205107,-0.7427700431240657,5
-7.776669583779141e-05,0.003461534651282165,0.43273258835513634,-0.08591852262247333,0.020079213777438622,-0.32054794549539395,0.4257872912951963,0.05760046749654642,-0.13807037477794376,-0.7059481936695402,5
-7.730093120947538e-05,0.003365038228813809,0.4228523963387586,-0.08542664539772846,0.030000923427954837,-0.3381993719115715,0.43953381361864274,0.05944127905588557,-0.09653545018525657,-0.7017200894085504,5
-7.840035266023837e-05,0.0035108678757041897,0.4455576523641182,-0.09466170729743005,0.03463653560560043,-0.3551351909381109,0.4828001796952056,0.0677659734792969,-0.05880417880404362,-0.651061917872303,5
-9.969360642655156e-05,0.003776751684972405,0.4736697850792269,-0.10072220612710116,0.03424874982681594,-0.36156639399045903,0.4824152831250096,0.06660248324927256,-0.009517996501025295,-0.6294202092650093,5
-0.00020456762647191924,0.003837757731540054,0.49022745879667384,-0.10336619422095525,0.04746185182455588,-0.37249006686876573,0.5001038879501094,0.06642954901868506,0.05070382393868934,-0.5922290796690389,5
-0.00027164594029468634,0.0040083579053988875,0.5111667231723074,-0.10492646679650208,0.04972421969357442,-0.3890483997844288,0.5429327574070325,0.0693825474632752,0.07463313951918076,-0.5182003560656949,5
-0.0008756798361246299,0.004108942647878593,0.5239938145718127,-0.10755946561824307,0.07367504765034934,-0.3861103684926622,0.5575191894089625,0.07112361595912474,0.08704813637722118,-0.4854965124538605,5
-0.0015520355031884052,0.004237124233866748,0.5179361319885495,-0.1093131994898775,0.07514370425367478,-0.3844595979824188,0.5686329146812155,0.06438657746504468,0.08878337543542048,-0.480393357204808,5
-0.002956409640590259,0.004326263676068736,0.5288323284070297,-0.1116129002043288,0.07672455662251149,-0.3925477521695048,0.5805956559261464,0.05728088726216121,0.09065117541632892,-0.44621757684666047,5
-0.004256105640831846,0.00438332296756511,0.5358071224183606,-0.11308496790162219,0.07773648034446828,-0.37897648578194915,0.5882531588555846,0.027520005702515622,0.09184677795696497,-0.44160042896946317,5
-0.008635087833738677,0.004423656288360746,0.5407373729869357,-0.11412552373592656,0.07845177566321562,-0.36406687368804785,0.5936659937164271,-0.009658894904190281,0.09269190974095523,-0.44100545587834783,5
-0.016733967358033813,0.005127406783219494,0.6339477750776669,-0.13024666102756163,0.0440846989277715,-0.2845415726407239,0.571558568688702,-0.020119854190527434,-0.005379766029319791,-0.4130616963515561,5
-0.031038867803291324,0.005683514089058923,0.7027043618175978,-0.1443729285192817,0.0020263309862517706,-0.19222667440630592,0.5445017198814053,-0.033752777209025836,-0.1292453000757312,-0.36450698845896434,5
-0.0494699855115883,0.006276142667798428,0.7759764045525122,-0.15822703062576626,-0.04281267488914028,-0.07834007665452783,0.46940385803446333,-0.0452569195389672,-0.2492773167157599,-0.27856167352410194,5
-0.04761898261204012,0.006041310210179218,0.7469419393115386,-0.14953190965800467,-0.12349772158808614,0.11219861098286757,0.3736144804483613,-0.06816521278351852,-0.4728405245439287,-0.14671828505435028,5
-0.0447218158127056,0.005673753357736377,0.701497554133583,-0.13800356991509663,-0.15590039344156179,0.19320843793924755,0.3199667176209814,-0.07599489718732053,-0.5572930696962622,-0.07898963135011333,2
-0.041229707324558676,0.005415707554613317,0.6572088066731856,-0.1269288739160038,-0.18025564333477412,0.2605317316493666,0.24977307384777708,-0.0700608262937076,-0.618348342166828,0.003784014452047151,2
-0.0415296991947146,0.005455112836458679,0.661990729994756,-0.11694619776956847,-0.18156720315557226,0.2624273890887271,0.22663608152414746,-0.07057059654599361,-0.6228475124887077,0.003811547356009593,2
-0.026149593346247082,0.005512465971151975,0.6642351211890897,-0.09950140062620301,-0.1814865468548409,0.2623108128456247,0.22653540459775162,-0.07053924747436129,-0.6244351290442242,0.003809854179574338,2
-0.013312404972661663,0.0055405246960168655,0.6676161108602418,-0.0980963328020238,-0.18241032236865418,0.263645987877133,0.2062263993334373,-0.07089829573831745,-0.6276135347837816,0.003829246526077602,2
-0.00910361556882205,0.00555703464685841,0.6696055089364293,-0.07946368199970892,-0.182953878371114,0.2644316142461574,0.20107145080512834,-0.07002349127519356,-0.6294837310513332,0.0038406571190041433,2
-0.003697881244638248,0.005637989727070048,0.676764080370208,-0.08062131177152171,-0.14431602976096555,0.10477921965871262,0.19136938769644035,-0.05261109788269249,-0.6386540726413376,-0.23698233124372653,2
-0.003615837544848888,0.005517993458193323,0.6591855067029417,-0.08980837409228619,-0.14829593611461556,0.08747753734405309,0.20468039575516955,-0.05415289006247813,-0.6309839144446803,-0.290724480867216,2
-0.0024785716880085865,0.005259858079789789,0.6406976541314001,-0.10634674042483855,-0.12257092818208545,0.02711844556218009,0.24237264216653778,-0.04606814891653036,-0.6004337967140072,-0.37515353195866225,2
-0.0009351426065609558,0.0054532049691721155,0.6642490307240192,-0.12340360771723342,-0.04829205412740028,-0.10263938759984424,0.251282007347765,-0.021574266733876225,-0.48433803108459283,-0.48183946330663746,2
-0.00048656874188205676,0.004909750379356746,0.5980514117883453,-0.12290961728957088,-0.01863493159532844,-0.26551023785800193,0.25319211014647075,-0.014970540605873144,-0.43606995249538444,-0.5491949809706694,2
-0.00031304102508626354,0.004598623200578127,0.5601533448526783,-0.12340310263670624,-0.003210731633708132,-0.3375269822517878,0.23714751707508172,-0.011091333887455763,-0.3385092704685486,-0.6211696951438757,2
-0.00012638098360992473,0.0036993319269900404,0.47324290263069574,-0.10591942272574804,0.005052469514787269,-0.3292974773192218,0.20035295756698637,0.010261181423352413,-0.2774698338006482,-0.7341021337457961,2
-9.189915701012351e-05,0.0032360815411878736,0.42068283594094785,-0.09644036150543836,0.009933814341712779,-0.3089336771681014,0.29599022380774476,0.022163324165374747,-0.24173464023096783,-0.7559500018968164,2
-6.936343021087351e-05,0.003310189939175153,0.4272120003925776,-0.09210200986220572,0.011769220548889132,-0.31302598446733454,0.29004020724861573,0.02707315195176601,-0.2156935794270386,-0.761139315429361,2
-6.765203778865817e-05,0.0033155457229893624,0.43767732198478937,-0.09345395076219574,0.012019467890703834,-0.3213084711505465,0.30036992018361064,0.027416322006524208,-0.20632032114656504,-0.7500754007611872,2
-6.653956855238737e-05,0.0033758155135446715,0.43245851465834806,-0.09911761913568211,0.01447933907621823,-0.3290439685655159,0.3161970320753063,0.033500317458019555,-0.12435007694985359,-0.7602274186173705,2
-6.471487103132365e-05,0.0034289839458711275,0.43522254183214004,-0.09639954208971772,0.018580491562596092,-0.3344883910010564,0.3576425520292917,0.042859092379497046,-0.11168082815099392,-0.7393798971143772,2
-6.386886655651069e-05,0.003384157529376152,0.42953296520065387,-0.09513933029174712,0.027498121312676524,-0.3563261580148127,0.4129177974586979,0.05445455307778801,-0.06043348460057047,-0.7081304162366125,2
-8.849083807956686e-05,0.0033250604712445385,0.4220320925629115,-0.0934779257962269,0.03811511259402591,-0.35010368536357717,0.4567085114118318,0.06855047250048005,-0.03883349546450875,-0.6886075490785607,2
-0.00012441365913647996,0.0035122763455202118,0.4457943994036001,-0.0948184406137283,0.04291410829836399,-0.36981609905028057,0.4824232567503141,0.07241017272313023,-0.005113562420333439,-0.6445968166420747,2
-0.00021320901472838397,0.003802661119807781,0.4713879539573288,-0.09777314380169272,0.04883702345915874,-0.36939806773380884,0.5107177754818735,0.0723283219872993,0.05375810763451297,-0.6002276740863126,2
-0.00038784134651351226,0.003808802117299005,0.4814322603200976,-0.09954908195831488,0.0568438787853354,-0.3689682600836445,0.5202670003148321,0.0722441654395826,0.11574417092437608,-0.5740068831560221,2
-0.0006057412205419965,0.003986185670683249,0.503853526224546,-0.1041852823567823,0.06702604145310856,-0.38615185194376755,0.544496877946241,0.07560872111412104,0.12338549553199965,-0.5138857417254126,2
-0.0008532802666697329,0.004162116631223935,0.5159470121343853,-0.10701538083010799,0.0701789215004507,-0.40303513781299266,0.5589945778029903,0.0604265968604886,0.12918950332599152,-0.47115096301081894,2
-0.0008607813464485004,0.004158701896394733,0.5131044206285197,-0.10557781399214822,0.07079585559529071,-0.40381404261201387,0.5585596700005949,0.04936174376092992,0.13032519204267748,-0.47529279201992125,2
-0.0008723504133264912,0.004214595649858983,0.5200006427436201,-0.10699680012137462,0.07174736551293215,-0.37564533654823035,0.5660668194111241,0.04257782448782964,0.13207678769336106,-0.4816808185729972,2
-0.0018605876806568093,0.003865001359430134,0.48303569513156575,-0.10174119329701563,0.07178870868003087,-0.40506233321575236,0.5358762596388988,0.031887919473986115,0.14889065229851015,-0.5258680952352104,2
-0.002202819716440833,0.004383585199096147,0.5478466698718186,-0.115392246366748,0.06129803502745835,-0.3104042413142254,0.46964930562938845,0.025707543949691145,0.12486648680933697,-0.5910801710701898,2
-0.0024908790695477414,0.005141291531812745,0.6343372231128295,-0.13052301765021992,0.04301505006430271,-0.24057926236365754,0.43360480316055233,0.02432863984263203,0.11817146826964343,-0.5639517787525471,2
-0.00381573950665092,0.005695755616687174,0.7027475059646621,-0.1445993105600214,0.04708682363679257,-0.26375460825608044,0.4762775201118773,0.02489755103611797,0.11639999119167747,-0.4149303620564562,2
-0.041786065943366174,0.006160801713405808,0.7601253161484676,-0.14950140131906456,-0.13450045843782482,0.19236279021834593,0.3503673122761591,-0.06179547664688158,-0.46389702554666634,-0.030916578883884157,2
-0.0328570267944089,0.005410763425248431,0.6635944484474902,-0.08175241025593245,-0.18231900623306072,0.26923791719154766,0.2597341959766734,-0.07483044485356351,-0.6105389557085262,-0.010292598395528483,4
-0.03214136498799642,0.0057170740603033395,0.6548578177135452,-0.07997175377814394,-0.1964148193182879,0.31410551606827136,0.24279009153446948,-0.07515967512918333,-0.6009662792697905,0.022608008625795387,4
-0.032024399028261256,0.006143497357395136,0.6547304507033186,-0.07968072777673242,-0.20955529099673975,0.31924051160210576,0.22367120313573283,-0.07488616081085392,-0.5987792969294476,0.06102248005386864,4
-0.03221831002812151,0.0061927041487283545,0.6589573536929864,-0.08016320270402595,-0.21425348877783734,0.33265239404548236,0.1572599718629007,-0.07533960414653414,-0.602404966596527,0.09066540880007012,4
-0.010632781658145985,0.006054154194681672,0.674591615952378,-0.05416479061787099,-0.20973983131786686,0.3271239392953765,0.1414774406880174,-0.07286909880708288,-0.5826511504815117,0.16077342454040558,4
-0.00640208959044145,0.006076482208989851,0.663734008598105,-0.02845182156220118,-0.2090345212663304,0.3424519703339003,0.11396955934700906,-0.06982742344221173,-0.5697194807762098,0.2344636750786206,4
-0.004118763112883662,0.006457561236616032,0.6705240103100305,0.002280649576623484,-0.22364052340916435,0.36400001653369646,0.07104492788827421,-0.06565559392291137,-0.5189029222885191,0.29834799110017485,4
-0.001158506615072157,0.006730656296998972,0.6513389293339429,0.10165775023680955,-0.22402039008318655,0.4204092838567537,-0.06906979893155259,-0.04452625749380515,-0.3035361627213446,0.48925745780905205,4
-0.0006927926167581215,0.006824800263837668,0.6181033000344252,0.13356820358716673,-0.2201167035109209,0.43520172370008436,-0.1123616815000886,-0.03787854775471566,-0.23555253286568034,0.5408198758365118,4
-0.0003006990992605946,0.007019547088972672,0.6212341889830354,0.16947049549918908,-0.22675640925267557,0.44403231575297564,-0.16420296483032956,-0.024876600785859827,-0.11618266718233321,0.5435592997683222,4
-0.00014389455836731445,0.007265640759115211,0.609698047333116,0.21044887069115578,-0.22517460702221734,0.4409348451687112,-0.215251134089489,-0.015744765579870142,-0.02630935708804932,0.5397675511002537,4
-8.371347027424488e-05,0.007147752456980718,0.5998054212044923,0.23961996887875506,-0.22152104734513753,0.4337804782006415,-0.24907885589772752,-0.009341517930881093,0.035415334011315004,0.5310095788502947,4
-6.371809834572973e-05,0.007225562131091458,0.5873430014005079,0.2539610949227063,-0.2198798684879154,0.43056673685176905,-0.2645484056439751,-0.0022695995238001874,0.09365888349190583,0.5270754980745129,4
-6.386306283886705e-05,0.0074573199379273925,0.5871304228550279,0.2808359223741826,-0.21501072381863065,0.42510648273100404,-0.28939402502893014,0.006993902696226353,0.17075614436566486,0.4860855186891061,4
-6.751526665586619e-05,0.007904495928693184,0.5770119279214484,0.3068417899035646,-0.21552616296481375,0.4477844365500283,-0.30984959031402104,0.01529424411042958,0.23784036317242743,0.41579813538744304,4
-7.757238183960026e-05,0.009152504205508475,0.55160284904664,0.37580511651413023,-0.20149541870851626,0.42145904875222756,-0.35710158869602454,0.036702291952452934,0.4059884295278155,0.20563734430773056,4
-5.8745255831828216e-05,0.006931154984595349,0.39861153955387524,0.42139169916044167,-0.1305149563037403,0.2759747981342574,-0.3539088008574013,0.0672746166276586,0.6108576213667304,-0.2592478872240884,4
-8.524716083425559e-05,0.0066231531945581176,0.3730364853617502,0.4565545046142172,-0.11967002458280958,0.2529086825400986,-0.33402594948806386,0.07106683593439124,0.5829957924920568,-0.3426593814808589,4
-0.00013982913890679788,0.006508872281968874,0.35681170855486555,0.46548481356153265,-0.11355984297679668,0.23951292723260978,-0.328262412209876,0.06984059480319027,0.5729363405596413,-0.38035044402706525,4
-0.0002552340066573059,0.0065235414494741115,0.3514606930052053,0.46762605981899086,-0.11335501642479019,0.2378276119775585,-0.329002223363295,0.06999799586123093,0.5742275779330938,-0.3812076469544573,4
-0.0004133422773890581,0.0065906169551841805,0.3426523481514315,0.475615784454962,-0.10229134601819215,0.21299074937349818,-0.3323850470462209,0.07071772011031374,0.5801318257225572,-0.3851272504241458,4
-0.0008863921067997278,0.006802152255883774,0.29867664003994643,0.5025799924428953,-0.08239293722486371,0.16777528199096098,-0.3181797417670873,0.07298750673120936,0.5987519884530121,-0.3974884617159045,4
-0.002729086359952327,0.007659687392900177,0.2785790627839084,0.5853930068272143,-0.06002948861873569,0.11155884308777747,-0.28751568652283543,0.07029421649721439,0.5248502479659309,-0.44759911929272483,4
-0.00961239038988663,0.010027152912751486,0.22474805692989358,0.7883094349531935,-0.00742396505431343,-0.019816053752940363,-0.1988097688045158,0.05782377228471123,0.3071345015799999,-0.4358744992654958,4
-0.024754695185061126,0.010929889708438115,0.04115878416435896,0.9294747851690786,0.10164803582452923,-0.2730683365502173,-0.022788070304477447,0.024899767755657918,-0.18737735821116056,-0.1106923825745948,4
-0.015282031993228367,0.006747444190207924,-0.06143801994220979,0.824646533651295,0.13418148145494643,-0.34261730242104266,0.0643731571191837,0.0042180927623173894,-0.4050429940268176,0.11017111967399183,4
-0.01528205552274994,0.006541330092907274,-0.061438114537432226,0.8246478033475246,0.13418168805221464,-0.34261782994390166,0.064373256233594,0.004177603267962849,-0.4050436176656027,0.11017128930285651,4
-0.01528207146390762,0.006463188390533594,-0.06143817862532079,0.8246486635616918,0.13418182802104567,-0.34261818733854943,0.06437332338321444,0.004047541366373462,-0.4050440401784097,0.11017140422574054,4
-0.015282044857606543,0.006747449870190391,-0.06143807166058882,0.8246472278367851,0.1341815944085983,-0.3426175908354727,0.06437321130835422,0.004013585694056779,-0.40504333499104633,0.11017121241577826,4
-0.011881837197093426,0.006966554158640765,-0.061440908300139846,0.8246853023869607,0.13418778966843364,-0.3426334097338003,0.06437618346539445,0.0036273572305127724,-0.40506203613046793,0.11017629909916654,4
-0.0166139992673215,0.009741113580964269,-0.07196271271756827,0.8065818327162122,0.13219331353809333,-0.3393164064821172,0.09303348641924157,0.003681953545721224,-0.43117766889240555,0.12832505577124126,4
-0.03132207945588074,0.017038568304090156,-0.13564879907800068,0.5264123669857739,0.013706603590410985,-0.10518498363710417,0.17539438920120287,0.0006087694430906671,-0.8128916456143973,0.0020424242990722294,4
-0.0371043403059235,0.015897846616984873,-0.1343656700536034,3.0175986399036167e-05,4.9503782037643844e-06,-1.2714757376497986e-05,0.22922428167281314,0.0007177337178686753,-0.9629567632380126,0.002400562919413964,4
-0.037029446558014614,0.015309017391700198,-2.2489763706357105e-06,-0.1483527898420001,-0.0009385796535930012,0.004652625180874148,0.2287616008806294,1.3811175650842634e-07,-0.9610130703848724,0.0023957174713439087,4
-0.1348297517289705,0.01408964611676401,0.3443990126895978,-0.13657483525849198,-0.0008648221798388493,0.004289724434031735,0.24378092945693658,-0.04670155280008516,-0.8844678746428615,0.0022048973166158012,4
-0.08533388258759819,0.009161578373132835,0.6850946861180213,-0.14044207313871865,-0.16743102832541215,0.22868471137051888,0.2868091236146782,-0.07873935964499851,-0.5783467235815962,0.0013954816820550098,4
-0.06133062203395176,0.00658455098255071,0.6776439986770705,-0.10093762810444502,-0.1812947512151481,0.2642059140760192,0.20613361800623384,-0.08047274769540944,-0.6123431107013344,0.001010850677236468,4
-0.05622855337308396,0.006036784954752057,0.6672075496961025,-0.09254066926112973,-0.2007984788293431,0.30433263424275303,0.18898544899208802,-0.07418811076681009,-0.6069048058101669,0.019922534464892724,4
-0.05590119801215748,0.005841649097431478,0.6633231536883584,-0.09200190946083127,-0.19962945607191018,0.3167506613708727,0.18788520016558571,-0.07375619718697134,-0.6033714845732542,0.0567015111777235,4
-0.031031021805258567,0.0058300171392732195,0.6620023370764021,-0.09181871421177072,-0.20191690541793206,0.3177354826291413,0.1875110810169633,-0.07360933300781887,-0.6021700444070641,0.08502274674083106,4
-0.011043703975779908,0.005978888724493833,0.6608086466016957,-0.058442886022691085,-0.20703820810132426,0.31915485705493285,0.15159393325704423,-0.07347660423219404,-0.6010842406177049,0.1586501455649872,4
-0.006949630512992133,0.006036320596153191,0.6565520406325795,-0.03569046119828745,-0.20570456926809874,0.3194078584724751,0.12575387100320784,-0.07300330389967939,-0.5972123500489104,0.21273891454361665,4
-0.003890209152167796,0.006651949358418337,0.69352630066016,0.0019973132753214225,-0.22651278797172938,0.367801190639299,0.06805182920076054,-0.062404219214982,-0.4940655458573718,0.28204589408082303,4
-0.0011075891465578303,0.006411401815892103,0.6554544785770318,0.10382804903753304,-0.21407814121788,0.4090902759450748,-0.07159004499458467,-0.04465640914807758,-0.3035260273186159,0.49693033954134974,4
-0.000732207475366132,0.006739971117141885,0.6433841172379771,0.12909109243332265,-0.2243349844971532,0.42153955278113603,-0.10598794240427076,-0.03936786280531471,-0.2494405784542051,0.5158844750039937,4
-0.0002579310896264635,0.0069954951981808355,0.6349537513010671,0.15943243610510618,-0.23096362719682642,0.4420670555915649,-0.15542767555327325,-0.022436503822845896,-0.1016567992613581,0.5361148462977098,4
-0.00013023586101249316,0.007014505727723045,0.6183684568548402,0.2138051419372481,-0.22809035934443875,0.4365675876673429,-0.2195266368134825,-0.014911825930289897,-0.01826270213661109,0.5294453911469114,4
-8.400352450498112e-05,0.006895040444325626,0.6078369146750082,0.243779545907813,-0.22420571223215421,0.42913232813413316,-0.25356649262390085,-0.009666028679834958,0.034953054690425686,0.5204283133723729,4
-6.780606172912224e-05,0.007120295671258349,0.6029295701084033,0.25472725350408665,-0.22272128482674117,0.42629111689964233,-0.2526368092026596,-0.0022262759134242097,0.09450615106082765,0.5169826471436602,4
-7.084017961587186e-05,0.007812953321739554,0.565011715620689,0.27659665524493277,-0.20671080053706595,0.4269916501649121,-0.27750362487159824,0.006452265607479214,0.1766298889136856,0.5202982190864278,4
-7.442404365321595e-05,0.00836040296847234,0.5765649661986776,0.2913827737092586,-0.21620335709327987,0.44859351548442594,-0.29758903907084416,0.010964552862331785,0.20259342219784354,0.45243840833610527,4
-8.663804198400584e-05,0.009815814617634809,0.6010940621728362,0.3689271190460743,-0.1852665239905062,0.38862636105404225,-0.3817642213300584,0.03361425531281319,0.3704179751025625,0.18115738599974165,4
-5.9737382940323495e-05,0.006892609587692865,0.38878086743288864,0.4191655463673671,-0.12519073982815485,0.26481559629597645,-0.3495647741795651,0.0683245098136307,0.6160273917619111,-0.2842396468966492,4
-7.863597737390159e-05,0.006829685792705043,0.35964320386843307,0.4366419904721124,-0.11733443195486123,0.24561971518977715,-0.32913578841853836,0.0724415434650379,0.619462240283147,-0.32923947235426226,4
-0.00015185131656740556,0.006618746123567996,0.3459116999277089,0.4585675357530309,-0.11019059077583819,0.23311165835301317,-0.3189701971428276,0.0702041352336645,0.6003297115000817,-0.36922217415150654,4
-0.00027016503717922834,0.0066172292335101145,0.33118044018821186,0.4710405931667846,-0.1094100125432235,0.23058267068548896,-0.31889709527250754,0.07018804578820612,0.6001921274088016,-0.3691375554888983,4
-0.0004630276775991281,0.006596373598766365,0.33013665312098106,0.4824888066105829,-0.10500092371777262,0.21836684412744847,-0.31789202183388976,0.06996683292181129,0.598300491598163,-0.36797413833108084,4
-0.0008702013532594174,0.006853344693406223,0.302372659329045,0.5063240378042225,-0.08392102560912897,0.17120134082404403,-0.32219724158187163,0.07091439552203323,0.6064032903937919,-0.3729576214583088,4
-0.002826619266783192,0.008133899290479626,0.270770227429072,0.6178491465292887,-0.05772276687518681,0.106791657422098,-0.27922175349609335,0.06835738223832324,0.5082454903513839,-0.43476014241695055,4
-0.011411629780274142,0.010350940428294387,0.21927091377481808,0.8048111274239315,0.000291861140314291,-0.039079594411676494,-0.19239039577522724,0.0573287555057368,0.2810879220149875,-0.427674990757273,4
-0.029961423577697363,0.009086384209149723,0.04831255813544786,0.9316641252958969,0.09903137169085022,-0.26753061734921907,-0.027549245217520432,0.02595155636812586,-0.17411684418508047,-0.12393851732206425,4
-0.05363474913059697,0.007642405979798811,-0.0685063461200851,0.8273135336192637,0.1365271524972791,-0.3395353558110965,0.07064589777414525,0.007687986002459694,-0.39505532222288364,0.11272003208384862,4
-0.06397348323437377,0.007033009954518628,-0.07506077010621832,0.8223689565207657,0.13655891794184385,-0.34128906978529766,0.06776927339678135,0.004615059227343435,-0.3984637586124966,0.12351567703776571,4
-0.06786821436085408,0.006625081166184691,-0.07504221927237048,0.8221657128043415,0.1365251681975554,-0.34120472217177444,0.0677525246140418,0.0023477023926160904,-0.3983652806063431,0.12348515085479304,4
-0.06996334472190412,0.006381731299571448,-0.07503152684383946,0.8220485661073215,0.13650571533998013,-0.34115610544452885,0.06774287086133757,0.0018715557634740696,-0.3983085193280464,0.12346755601067783,4
-0.07232430277045238,0.00620439440478201,-0.07336683866641765,0.8208997798798715,0.1386163190364941,-0.3436476363584717,0.06872881525970531,0.0012585942383584801,-0.3973095439830486,0.12419654638695485,4
-0.08224517996342416,0.006185916559175658,-0.07906529095762457,0.8184549869796622,0.13820349374290816,-0.34262418949914153,0.07236182562483552,0.0009538902071587665,-0.39612628193800664,0.13518449520106018,4
-0.08753243068317747,0.00618312057400395,-0.07902955407385003,0.8180850518236649,0.138141026861002,-0.3424693260857502,0.07232911865416929,0.0009204953463735192,-0.3959472360036124,0.13512339288252562,4
-0.10884239519761055,0.006166988133376813,-0.08359851890487174,0.8159505780788084,0.1377806017508438,-0.34157578600294436,0.07214040404019147,0.0005688095499326341,-0.3949141661807203,0.13555234924919482,4
-0.12036586564082953,0.006317884372991209,-0.08183574319248976,0.8228489738891913,0.13768611067781023,-0.33931710490154493,0.07638227942380439,-0.0011322838303358606,-0.38120128378803697,0.12773015899758428,4
-0.11875827171980158,0.006233503369641926,-0.09282735462289807,0.8118590889969446,0.13750481436831244,-0.3368199230571107,0.08446817395318489,-0.0038005404769036605,-0.39371429149278375,0.1532179208989189,4
-0.11875827171980158,0.006233503369641926,-0.09282735462289807,0.8118590889969446,0.13750481436831244,-0.3368199230571107,0.08446817395318489,-0.0038005404769036605,-0.39371429149278375,0.1532179208989189,4
-0.11875827171980158,0.006233503369641926,-0.09282735462289807,0.8118590889969446,0.13750481436831244,-0.3368199230571107,0.08446817395318489,-0.0038005404769036605,-0.39371429149278375,0.1532179208989189,4
-0.11875827171980158,0.006233503369641926,-0.09282735462289807,0.8118590889969446,0.13750481436831244,-0.3368199230571107,0.08446817395318489,-0.0038005404769036605,-0.39371429149278375,0.1532179208989189,4
-0.10014536446062655,0.0060112646479542195,-0.09506264024706612,0.8045310741352284,0.14081593463086883,-0.3449305574170091,0.08650217024344119,-0.003892057611336747,-0.40319494403726813,0.15690741326182836,4
-0.08999928217066637,0.0060504515523738395,-0.09153934341782158,0.8073437591132708,0.14001083302637587,-0.3445568019650184,0.08255064394028594,-0.00257336076378863,-0.4038943149027835,0.15238247063024266,4
-0.06321553205392347,0.006019104774382748,-0.09113176556594484,0.8042186330010543,0.14004325330594192,-0.3456671830565463,0.08337100518889505,-0.0026181471950476585,-0.4120035388408527,0.15735940238606252,4
-0.05770886700632187,0.0060113740991112425,-0.09102926241864058,0.803416419809467,0.140028773441949,-0.3458554123000905,0.08353667671313986,-0.0026274991861507746,-0.4137070539355908,0.1584215403695051,4
-0.05253236364881154,0.005990928149769721,-0.09073559529466507,0.800936934397089,0.13973503350342603,-0.3453799928431914,0.08355835305875314,-0.0026330233753824985,-0.41485378485839397,0.15937635991019086,4
-0.011343471979247456,0.005302194776494776,-0.0809854451939838,0.7197356734680418,0.13185528852452208,-0.3381229823677755,0.08920931434672107,-0.0031188700491762617,-0.5111618441368697,0.24103123997120604,4
-0.00941142675576265,0.005274885402231377,-0.0805809424033916,0.716230211513253,0.13132819355458616,-0.3369851937940076,0.08903472705117543,-0.003117588492700274,-0.511232334330953,0.2416788008099996,4
-0.009083087576790048,0.005326576118737711,-0.08131515530763073,0.7223633554765938,0.13194761794295287,-0.33763756992476385,0.08865767478757619,-0.0030833532393028337,-0.504397948101111,0.23578104977648526,4
-0.0118840408034416,0.005601319155668811,-0.08514910839703062,0.7538686136825146,0.13442003262388957,-0.33786225897627725,0.08513712063511897,-0.0028234807213708872,-0.4538756718816689,0.1946761019142827,4
-0.0029195426023154564,0.0026558651063442536,-0.04057825121079683,0.36071802638024686,0.06619937617607789,-0.1699739589271918,0.044972181284620195,-0.00157715880419859,-0.25876960690419554,0.12264181568484576,4
-0.0029195426023154564,0.0026558651063442536,-0.04057825121079683,0.36071802638024686,0.06619937617607789,-0.1699739589271918,0.044972181284620195,-0.00157715880419859,-0.25876960690419554,0.12264181568484576,4
-0.0029195426023154564,0.0026558651063442536,-0.04057825121079683,0.36071802638024686,0.06619937617607789,-0.1699739589271918,0.044972181284620195,-0.00157715880419859,-0.25876960690419554,0.12264181568484576,4
